"DiseaseID","DiseaseName","Description","CategoryID","ICD10_Code","RiskFactors","Prevention","Symptoms","Diagnosis"
"1","กลาก (Ringworm)","กลาก (Ringworm) คือโรคผิวหนังที่เกิดจากเชื้อรา ลักษณะของกลากมักเป็นวงกลมหรือวงรี มีขอบนูนแดงและลอกเป็นขุย บางครั้งอาจคันมาก","1","B35.9","<h3><strong>รายละเอียดของโรค</strong></h3><ul><li><p>- เกิดจากเชื้อราในกลุ่ม <strong>Dermatophytes</strong></p></li><li><p>- สามารถเกิดได้ทุกส่วนของร่างกาย เช่น หนังศีรษะ ใบหน้า แขน ขา ลำตัว เท้า (ฮ่องกงฟุต) และขาหนีบ</p></li><li><p>- พบได้ในทุกเพศทุกวัย โดยเฉพาะในสภาพอากาศร้อนชื้น</p></li><li><p></p></li><li><p></p></li></ul>","<h3><strong>ดูแล และ การป้องกัน</strong></h3><h4>การดูแลรักษา:</h4><ul><li><p>- ใช้ยาทาฆ่าเชื้อรา เช่น <strong>Clotrimazole</strong>, <strong>Ketoconazole</strong>, <strong>Terbinafine</strong></p></li><li><p>- หากรุนแรงหรือเป็นหลายแห่ง อาจต้องใช้ยารับประทาน</p></li><li><p>- รักษาความสะอาดผิวหนัง และหลีกเลี่ยงการเกา</p></li></ul><h4>การป้องกัน:</h4><ul><li><p>- อาบน้ำทุกวันและเช็ดตัวให้แห้ง โดยเฉพาะซอกพับต่าง ๆ</p></li><li><p>- หลีกเลี่ยงการใช้ของส่วนตัวร่วมกับผู้อื่น</p></li><li><p>- หมั่นซักเสื้อผ้า ผ้าเช็ดตัว และเปลี่ยนชุดชั้นในทุกวัน</p></li><li><p>- รักษาสัตว์เลี้ยงให้สะอาด ตรวจสุขภาพเป็นประจำ</p></li><li><p>- หากพบว่ามีอาการคล้ายกลาก ควรรักษาทันทีเพื่อป้องกันการแพร่เชื้อ</p></li></ul>","<h3><strong>อาการ</strong></h3><ul><li><p>- ผื่นวงกลมหรือวงรี ขอบนูนแดง ลอกเป็นขุย</p></li><li><p>- บริเวณตรงกลางอาจดูเป็นปกติหรือซีดกว่า</p></li><li><p>- คันบริเวณที่เป็นผื่น</p></li><li><p>- ในบางกรณีอาจมีตุ่มน้ำใสหรือตุ่มหนอง</p></li><li><p>- หากเป็นที่ศีรษะอาจทำให้ผมร่วงเป็นหย่อม</p></li></ul>","<h3><strong>การติดต่อ</strong></h3><ul><li><p>- สัมผัสโดยตรงกับผู้ติดเชื้อหรือสัตว์เลี้ยงที่มีเชื้อรา (เช่น แมวหรือสุนัข)</p></li><li><p>- ใช้ของร่วมกัน เช่น เสื้อผ้า ผ้าเช็ดตัว หวี หรือรองเท้า</p></li><li><p>- สัมผัสกับพื้นผิวหรือวัตถุที่มีเชื้อรา เช่น พื้นห้องน้ำ ยิม หรือฟิตเนส</p></li></ul>"
"12","ฟหก","ฟหก","2","ฟหก","<p>ฟหก</p>","<p></p>","<p></p>","<p></p>"
"14","ความดันโลหิตสูง (Hypertension)","ความดันโลหิตสูง คือ ภาวะที่ความดันโลหิตอยู่ในระดับสูงกว่าปกติอย่างต่อเนื่อง ซึ่งอาจเพิ่มความเสี่ยงต่อโรคหัวใจ หลอดเลือดสมอง ไต และโรคเรื้อรังอื่นๆ โดยมากจะไม่มีอาการในระยะแรก","1","I10","<ul><li><p><strong>รายละเอียดของโรค</strong></p></li><li><p>ความดันโลหิตปกติ: &lt; 120/80 mmHg</p></li><li><p>ความดันโลหิตสูงระดับ 1: 130–139 / 80–89 mmHg</p></li><li><p>ความดันโลหิตสูงระดับ 2: ≥ 140 / ≥ 90 mmHg</p></li><li><p>อาจเกิดจาก:</p><ul><li><p>- กรรมพันธุ์</p></li><li><p>- ความเครียด</p></li><li><p>- อาหารเค็ม</p></li><li><p>- การไม่ออกกำลังกาย</p></li><li><p>- โรคประจำตัว เช่น โรคไต หลอดเลือดแข็ง</p></li><li><p>- การใช้ยา เช่น ยาคุมกำเนิด สเตียรอยด์</p></li></ul></li></ul>","<h2><strong>การดูแลและการป้องกัน</strong></h2><ul><li><p>- ควบคุมอาหาร โดยเฉพาะโซเดียม</p></li><li><p>- ลดน้ำหนัก</p></li><li><p>- ออกกำลังกายสม่ำเสมอ</p></li><li><p>- งดสูบบุหรี่ และแอลกอฮอล์</p></li><li><p>- ลดความเครียด</p></li><li><p>- ตรวจวัดความดันโลหิตอย่างสม่ำเสมอ</p></li><li><p>- รับประทานยาตามแพทย์สั่งอย่างต่อเนื่อง</p></li></ul>","<h2><strong>อาการ</strong></h2><ul><li><p>ส่วนใหญ่ไม่แสดงอาการ</p></li><li><p>หากรุนแรงอาจมี:</p><ul><li><p>- ปวดศีรษะ</p></li><li><p>- เวียนศีรษะ</p></li><li><p>- เลือดกำเดาไหล</p></li><li><p>- เหนื่อยง่าย</p></li><li><p>- ใจสั่น</p></li><li><p>- มองเห็นไม่ชัด</p></li></ul></li></ul>","<h2><strong>การติดต่อ</strong></h2><p><strong>ไม่ใช่โรคติดต่อ</strong><br>แต่ <strong>มีปัจจัยทางพันธุกรรม</strong> และพฤติกรรมการดำเนินชีวิตที่อาจถ่ายทอดในครอบครัว</p>"
"15","งูสวัด (Shingles)","งูสวัดเกิดจากเชื้อไวรัส varicella-zoster virus (VZV) ที่เคยทำให้เราเป็นอีสุกอีใสมาก่อน เชื้อไวรัสแฝงในระบบประสาท และอาจกลับมาปะทุเป็นงูสวัดเมื่อภูมิต้านทานลดลง","1","B02.9","<p><strong>รายละเอียดของโรค</strong></p><p>ลักษณะคือผื่นเป็นกลุ่มตุ่มน้ำบนผิวตามแนวเส้นประสาทหนึ่งด้านของร่างกาย บางครั้งอาจเป็นเฉพาะที่หน้า (ophthalmic zoster)</p>","<ul><li><p><strong>วิธีดูแล และ การป้องกัน</strong></p></li><li><p>- รักษาความสะอาด เช็ดน้ำให้แห้ง และห้ามขยี้ตุ่มน้ำ</p></li><li><p>- ใช้ยาแก้ปวด เช่น NSAIDs, ยาแก้ปวดทั่วไป หรือ opioids หลีกเลี่ยงการใช้ติดต่อกันนาน</p></li><li><p>- ประคบทุยเย็น ใส่ครีมทาผิว เช่น calamine หรือยาทาภายนอกเพื่อลดอาการคัน</p></li><li><p><strong>- วัคซีน Shingrix</strong> แนะนำสำหรับผู้สูงอายุ ≥50 ปี และผู้มีภูมิคุ้มกันต่ำ ให้ 2 โดสห่างกัน 2–6 เดือน ลดความเสี่ยงงูสวัดและอาการปวดหลังโรคถึง 90%</p></li></ul>","<ul><li><p><strong>อาการ</strong></p></li><li><p>- มีอาการเจ็บแสบ เหมือนเข็มทิ่ม (prodromal pain) ก่อนผื่นขึ้น</p></li><li><p>- ปรากฏผื่นตุ่มน้ำ ปวด แสบ คัน ตรงแนวเส้นประสาท ฝ่อหรือแตกเป็นสะเก็ดภายใน 7–10 วัน</p></li><li><p>- เมื่อเกี่ยวข้องกับตาอาจมีการติดเชื้อดวงตา เสี่ยงต่อการเสื่อมสายตา ต้องได้รับการดูแลโดยจักษุแพทย์ทันที</p></li></ul>","<ul><li><p><strong>การติดต่อ</strong></p></li><li><p>- ไม่ติดต่อโดยตรงจากผู้มีงูสวัด อย่างไรก็ตาม ผู้ที่ไม่เคยติดเชื้อหรือได้รับวัคซีนอีสุกอีใสมาก่อน อาจติดจากตุ่มน้ำ มีโอกาสติดเป็นอีสุกอีใส ไม่ใช่งูสวัด</p></li><li><p>- หลีกเลี่ยงการสัมผัสกับตุ่มน้ำโดยตรง และควรกักคนไข้ที่ผื่นขึ้นจนแห้ง</p></li></ul>"
"16","ผื่นคันตามตัว (Rash and Itching)","ผื่นคันเป็นอาการทางผิวหนังที่เกิดจากการระคายเคือง การอักเสบ หรือปฏิกิริยาแพ้ มีหลายสาเหตุ เช่น แพ้อาหาร แพ้ยา การติดเชื้อ เชื้อรา หรือแมลงกัดต่อย","1","R21","<p><strong>รายละเอียดของโรค</strong></p><p>ผื่นคันสามารถเกิดได้ทั่วร่างกายหรือเฉพาะบางจุด ขึ้นอยู่กับสาเหตุ อาจเป็นผื่นแดง ผื่นตุ่มน้ำ ตุ่มนูน มีหรือไม่มีน้ำเหลือง มักมาพร้อมกับอาการคัน บางกรณีอาจเกิดจากโรคเรื้อรัง เช่น ผื่นภูมิแพ้ผิวหนัง (Eczema) หรือโรคสะเก็ดเงิน (Psoriasis)</p>","<ul><li><p><strong>วิธีดูแล และ การป้องกัน</strong></p></li><li><p>- หลีกเลี่ยงสิ่งที่กระตุ้น เช่น อาหารที่แพ้ ฝุ่นละออง สารเคมี</p></li><li><p>- รักษาความสะอาดผิวหนัง</p></li><li><p>- ใช้ผลิตภัณฑ์อ่อนโยนต่อผิว</p></li><li><p>- หลีกเลี่ยงการเกา</p></li><li><p>- หากเป็นซ้ำบ่อย ควรพบแพทย์เพื่อหาสาเหตุ</p></li></ul>","<ul><li><p><strong>อาการ</strong></p></li><li><p>- คันบริเวณผิวหนัง</p></li><li><p>- ผื่นแดง บวม ตุ่มน้ำ หรือแผล</p></li><li><p>- ลอกผิว แห้ง ตึง</p></li><li><p>- แสบหรือปวดในบางกรณี</p></li><li><p>- อาจมีไข้ร่วมด้วยหากติดเชื้อ</p></li></ul>","<ul><li><p><strong>การติดต่อ</strong></p></li><li><p>- ส่วนใหญ่ <strong>ไม่ติดต่อ</strong> หากเกิดจากภูมิแพ้</p></li><li><p>- แต่ถ้าเกิดจาก <strong>การติดเชื้อ</strong> (เช่น เชื้อรา, หิด) อาจติดต่อได้ทางการสัมผัส</p></li></ul>"
"17","ฝี (Abscess)","ฝี คือ การอักเสบของเนื้อเยื่อที่เกิดจากการติดเชื้อแบคทีเรีย โดยมีการสะสมของหนองอยู่ภายในร่างกาย เช่น ใต้ผิวหนัง ต่อมน้ำเหลือง หรืออวัยวะภายใน","1","L02.9","<p><strong>รายละเอียดของโรค</strong></p><p>ฝีมักเกิดจากการติดเชื้อแบคทีเรีย เช่น <em>Staphylococcus aureus</em> ซึ่งเข้าไปในร่างกายผ่านรอยถลอก แผล หรือรูขุมขนที่อุดตัน ร่างกายจะตอบสนองด้วยการสะสมเม็ดเลือดขาวบริเวณติดเชื้อ ทำให้เกิดโพรงหนอง</p>","<ul><li><p><strong>วิธีดูแล และ การป้องกัน</strong></p></li><li><p>- รักษาความสะอาดร่างกายและผิวหนัง</p></li><li><p>- อย่าแกะหรือบีบฝีเอง</p></li><li><p>- หลีกเลี่ยงการใช้ของร่วมกับผู้อื่น</p></li><li><p>- หากมีฝีบ่อย ควรตรวจระบบภูมิคุ้มกันหรือระดับน้ำตาลในเลือด</p></li></ul>","<ul><li><p><strong>อาการ</strong></p></li><li><p>- ปวด บวม แดง ร้อน บริเวณที่เป็นฝี</p></li><li><p>- อาจมีหัวฝีเป็นจุดสีขาว/เหลือง</p></li><li><p>- ในรายที่เป็นมากอาจมีไข้</p></li><li><p>- หากฝีอยู่ลึก อาจมีอาการที่ตำแหน่งอื่น เช่น ปวดท้อง เจ็บหน้าอก</p></li></ul>","<ul><li><p><strong>การติดต่อ</strong></p></li><li><p><strong>- ติดต่อได้</strong> ผ่านการสัมผัสโดยตรงกับหนองจากฝี</p></li><li><p>- การใช้ของใช้ร่วมกัน เช่น ผ้า เช็ดตัว หรือมีดโกน อาจแพร่เชื้อได้</p></li><li><p>- โดยเฉพาะหากผู้สัมผัสมีแผลหรือภูมิคุ้มกันต่ำ</p></li></ul>"
"18","ลมพิษ (Hives/Urticaria)","ลมพิษคือภาวะทางผิวหนังที่ทำให้เกิดผื่นนูนแดง คัน มีขนาดและรูปร่างไม่แน่นอน มักเกิดขึ้นทันทีและหายไปภายในไม่กี่ชั่วโมง แต่บางครั้งอาจเกิดขึ้นเรื้อรัง","1","L50.9","<p><strong>รายละเอียดของโรค</strong></p><p>เกิดจากการตอบสนองของระบบภูมิคุ้มกันที่ไวเกินต่อสิ่งกระตุ้น เช่น อาหาร ยา แมลง สารเคมี หรือปัจจัยทางอารมณ์ ร่างกายจะหลั่งสารฮีสตามีน (histamine) ซึ่งทำให้หลอดเลือดขยายและเกิดอาการบวมแดงคันบนผิวหนัง</p>","<ul><li><p><strong>วิธีดูแล และ การป้องกัน</strong></p></li><li><p>- หลีกเลี่ยงสิ่งกระตุ้นที่สงสัย (อาหาร ยา สัตว์ แมลง)</p></li><li><p>- งดเกาแรง ๆ เพราะอาจทำให้ติดเชื้อ</p></li><li><p>- อาบน้ำอุณหภูมิปกติ (ไม่ร้อนจัด)</p></li><li><p>- หลีกเลี่ยงความเครียด และพักผ่อนให้เพียงพอ</p></li><li><p>- ใช้ยาต้านฮีสตามีนเมื่อจำเป็น</p></li></ul>","<ul><li><p><strong>อาการ</strong></p></li><li><p>- ผื่นแดงนูน คัน</p></li><li><p>- รูปทรงไม่แน่นอน และเปลี่ยนที่ได้</p></li><li><p>- อาจมีอาการบวมที่ริมฝีปาก เปลือกตา หรือหน้า</p></li><li><p>- หากเป็นรุนแรง อาจมีอาการหายใจติดขัด (angioedema)</p></li></ul>","<ul><li><p><strong>การติดต่อ</strong></p></li><li><p><strong>ไม่ติดต่อ</strong><br>- ลมพิษไม่สามารถติดต่อจากคนสู่คนได้ เพราะเป็นการตอบสนองของภูมิคุ้มกันภายในร่างกาย</p></li></ul>"
"19","อีสุกอีใส (Chickenpox)","อีสุกอีใสเป็นโรคติดเชื้อไวรัสที่พบได้บ่อยในเด็ก แต่สามารถเกิดขึ้นในผู้ใหญ่ได้เช่นกัน มีลักษณะเด่นคือผื่นตุ่มน้ำใสที่คัน และสามารถติดต่อกันได้ง่าย","1","B01.9","<p><strong>รายละเอียดของโรค</strong></p><p>เกิดจากเชื้อไวรัส <strong>Varicella-zoster virus (VZV)</strong> ซึ่งเป็นไวรัสชนิดเดียวกับที่ทำให้เกิดโรคงูสวัดในผู้ใหญ่ โดยเชื้อนี้จะเข้าสู่ร่างกายผ่านทางระบบหายใจ และกระจายไปทั่วร่างกายผ่านทางกระแสเลือด</p>","<ul><li><p><strong>วิธีดูแล และ การป้องกัน</strong></p></li><li><p>- แยกผู้ป่วยออกจากผู้อื่น โดยเฉพาะผู้ที่ยังไม่เคยเป็น</p></li><li><p>- ห้ามแกะตุ่มน้ำ เพื่อป้องกันแผลเป็น</p></li><li><p>- รักษาความสะอาดร่างกาย</p></li><li><p>- รับวัคซีนป้องกันอีสุกอีใส</p></li><li><p>- ใช้ยาลดไข้หรือยาทาเพื่อลดอาการคันตามคำแนะนำแพทย์</p></li></ul>","<ul><li><p><strong>อาการ</strong></p></li><li><p>- มีไข้ หนาวสั่น</p></li><li><p>- ปวดศีรษะ อ่อนเพลีย</p></li><li><p>- ผื่นแดง ตุ่มน้ำใส คัน</p></li><li><p>- ตุ่มอาจลามทั่วร่างกาย รวมถึงในปากและหนังศีรษะ</p></li><li><p>- หลังจากตุ่มแตก จะตกสะเก็ด</p></li></ul>","<ul><li><p><strong>การติดต่อ</strong></p></li><li><p>- ติดต่อผ่านทางการหายใจ (ไอ จาม)</p></li><li><p>- สัมผัสตุ่มน้ำหรือของใช้ที่ปนเปื้อนเชื้อ</p></li><li><p>- มีระยะฟักตัวประมาณ 10–21 วัน</p></li></ul>"
"20","ไข้หวัดใหญ่ (Influenza/Flu)","ไข้หวัดใหญ่เป็นโรคติดเชื้อไวรัสที่แพร่กระจายได้ง่าย มักระบาดตามฤดูกาล โดยเฉพาะในช่วงอากาศเย็นหรือฤดูฝน และสามารถก่อให้เกิดภาวะแทรกซ้อนรุนแรง โดยเฉพาะในเด็กเล็ก ผู้สูงอายุ และผู้มีโรคประจำตัว","1","J10.1","<p><strong>รายละเอียดของโรค</strong></p><p>เกิดจากเชื้อไวรัสอินฟลูเอนซา (Influenza virus) ซึ่งมีหลายสายพันธุ์ เช่น Influenza A, B และ C โดยสายพันธุ์ A และ B มักเป็นสาเหตุหลักของการระบาดใหญ่</p>","<ul><li><p><strong>วิธีดูแล และ การป้องกัน</strong></p></li><li><p>- ฉีดวัคซีนไข้หวัดใหญ่ปีละ 1 ครั้ง</p></li><li><p>- ล้างมือบ่อย ๆ</p></li><li><p>- หลีกเลี่ยงใกล้ชิดผู้ป่วย</p></li><li><p>- สวมหน้ากากอนามัย</p></li><li><p>- พักผ่อนให้เพียงพอ และดื่มน้ำมาก ๆ</p></li></ul>","<ul><li><p><strong>อาการ</strong></p></li><li><p>- ไข้สูงเฉียบพลัน</p></li><li><p>- ปวดศีรษะ ปวดกล้ามเนื้อ</p></li><li><p>- เจ็บคอ คัดจมูก น้ำมูกไหล</p></li><li><p>- ไอแห้งๆ</p></li><li><p>- อ่อนเพลีย เหนื่อยง่าย</p></li><li><p>- เด็กอาจมีอาเจียนหรือท้องเสียร่วมด้วย</p></li></ul>","<ul><li><p><strong>การติดต่อ</strong></p></li><li><p>- ผ่านทางละอองฝอยจากการไอ จาม</p></li><li><p>- การสัมผัสสิ่งของที่มีเชื้อแล้วนำมือมาสัมผัสปาก/จมูก/ตา</p></li><li><p>- ระยะฟักตัว 1–4 วัน (เฉลี่ย 2 วัน)</p></li></ul>"
"21","แผลพุพองอักเสบ (Blisters and Inflamed Wounds)","แผลผุพองอักเสบคือการเกิดแผลบนผิวหนังที่มีการสะสมของของเหลวภายในผิวหนังชั้นบน และมักจะเกิดการอักเสบร่วมด้วย ทำให้ผิวบริเวณนั้นบวม แดง และเจ็บปวด อาจเกิดจากการติดเชื้อ แผลถลอก หรือการระคายเคือง

","1","T14.0","<ul><li><p><strong>รายละเอียดของโรค</strong></p></li><li><p>แผลผุพองเกิดได้จากหลายสาเหตุ เช่น การสัมผัสความร้อน ความเย็น สารเคมี หรือการเสียดสี</p></li><li><p>หากแผลมีการติดเชื้อแบคทีเรียจะเกิดอาการอักเสบรุนแรงขึ้น เช่น บวม แดง มีหนอง หรือกลิ่นเหม็น</p></li><li><p>อาจเกิดภาวะแทรกซ้อนถ้าไม่ได้รับการรักษาที่เหมาะสม</p></li></ul>","<ul><li><p><strong>วิธีดูแล และ การป้องกัน</strong></p></li><li><p>- รักษาความสะอาดของแผลอย่างสม่ำเสมอ</p></li><li><p>- หลีกเลี่ยงการเกาหรือแกะบริเวณแผล</p></li><li><p>- ใช้ผ้าพันแผลที่สะอาดและเปลี่ยนบ่อย ๆ</p></li><li><p>- หากแผลเริ่มบวมแดงหรือมีหนอง ควรพบแพทย์ทันที</p></li><li><p>- สวมถุงมือหรือป้องกันเมื่อสัมผัสสารเคมีหรือสิ่งที่อาจทำให้ผิวหนังเสียหาย</p></li></ul>","<ul><li><p><strong>อาการ</strong></p></li><li><p>- ผิวหนังบวมแดง</p></li><li><p>- มีตุ่มน้ำหรือพองใส หรือพองขุ่น</p></li><li><p>- เจ็บปวดหรือแสบร้อนบริเวณแผล</p></li><li><p>- อาจมีหนองหรือน้ำเหลืองไหลออกมา</p></li><li><p>- บางครั้งมีไข้ร่วมด้วยในกรณีติดเชื้อรุนแรง</p></li></ul>","<ul><li><p><strong>การติดต่อ</strong></p></li><li><p>- แผลผุพองเองไม่ใช่โรคติดต่อ</p></li><li><p>- แต่ถ้ามีการติดเชื้อแบคทีเรียหรือเชื้อไวรัสที่แผล อาจแพร่เชื้อผ่านการสัมผัสแผลหรือของเหลวในแผลได้</p></li></ul>"
"22","โรคไข้เลือดออก (Dengue Fever)","โรคติดเชื้อไวรัสที่เกิดจากยุงลายที่มีเชื้อไวรัสเดงกี่ ทำให้เกิดไข้สูง ปวดตามตัว มีผื่น และในบางรายอาจเกิดภาวะเลือดออกและช็อกได้","1","A90","<ul><li><p><strong>รายละเอียดของโรค</strong></p></li><li><p>- เกิดจากไวรัสเดงกี่ชนิดต่างๆ</p></li><li><p>- พบมากในพื้นที่เขตร้อนและเขตอบอุ่น</p></li><li><p>- มีระยะฟักตัวประมาณ 4-10 วันหลังถูกยุงลายกัด</p></li></ul>","<ul><li><p><strong>วิธีดูแล และ การป้องกัน</strong></p></li><li><p>- กำจัดแหล่งเพาะพันธุ์ยุง</p></li><li><p>- ใช้มุ้งและยาทากันยุง</p></li><li><p>- รักษาความสะอาดบ้านและรอบบริเวณ</p></li><li><p>- หากมีอาการไข้สูงหรือเลือดออก ควรพบแพทย์ทันที</p></li></ul>","<ul><li><p><strong>อาการ</strong></p></li><li><p>- ไข้สูงฉับพลัน 2-7 วัน</p></li><li><p>- ปวดศีรษะ ปวดกล้ามเนื้อ ข้อต่อ</p></li><li><p>- มีผื่นขึ้นตามตัว</p></li><li><p>- เลือดออกง่าย เช่น เลือกจมูกเลือดออก หรือมีจุดเลือดออกใต้ผิวหนัง</p></li><li><p>- ในรายรุนแรงอาจเกิดช็อกจากภาวะเลือดออก (Dengue hemorrhagic fever)</p></li></ul>","<ul><li><p><strong>การติดต่อ</strong></p></li><li><p>- ผ่านยุงลายที่มีเชื้อไวรัสเดงกี่กัด ไม่ติดต่อจากคนสู่คนโดยตรง</p></li></ul>"
"23","กุ้งยิง (Stye)","กุ้งยิงคือการติดเชื้อที่ต่อมไขมันบริเวณขอบตาหรือรูขุมขนของขนตา ทำให้เกิดการอักเสบและบวมเป็นตุ่มแดงคล้ายหนอง","2","H00.0","<ul><li><p><strong>รายละเอียดของโรค</strong></p></li><li><p>- เกิดจากเชื้อแบคทีเรียชนิด Staphylococcus aureus</p></li><li><p>- มักเกิดบริเวณขอบตาหรือใต้หนังตา</p></li><li><p>- เกิดการอุดตันและติดเชื้อในต่อมไขมันหรือต่อมเหงื่อบริเวณนั้น</p></li></ul>","<ul><li><p><strong>วิธีดูแล และ การป้องกัน</strong></p></li><li><p>- รักษาความสะอาดมือและใบหน้า</p></li><li><p>- หลีกเลี่ยงการขยี้ตา</p></li><li><p>- ใช้ผ้าชุบน้ำอุ่นประคบบริเวณที่กุ้งยิง</p></li><li><p>- เปลี่ยนผ้าหรือผ้าเช็ดหน้าเป็นประจำ</p></li><li><p>- หากเป็นบ่อยควรไปพบแพทย์</p></li></ul>","<p><strong>อาการ</strong></p><ul><li><p>- ตุ่มแดงปวด บวมที่ขอบตาหรือใต้ตา</p></li><li><p>- ตาแฉะ น้ำตาไหล</p></li><li><p>- มีหนองหรือหัวหนองที่ตุ่ม</p></li><li><p>- บางครั้งรู้สึกคันหรือระคายเคือง</p></li></ul>","<ul><li><p><strong>การติดต่อ</strong></p></li><li><p>- ไม่ติดต่อโดยตรงจากคนสู่คน</p></li><li><p>- แต่อาจติดเชื้อจากการสัมผัสมือสกปรกหรือใช้สิ่งของร่วมกับผู้ติดเชื้อ</p></li></ul>"
"24","เริม (Herpes Simplex)","โรคเริมเกิดจากเชื้อไวรัส Herpes Simplex Virus (HSV) โดยมี 2 ชนิดหลัก คือ HSV-1 มักทำให้เกิดแผลเริมที่ปาก และ HSV-2 มักทำให้เกิดแผลบริเวณอวัยวะเพศ","2","B00.9","<ul><li><p><strong>รายละเอียดของโรค</strong></p></li><li><p>เชื้อไวรัสจะฝังตัวในระบบประสาทและสามารถกลับมาเกิดซ้ำได้</p></li><li><p>ติดต่อโดยการสัมผัสโดยตรงกับแผลเริมหรือสารคัดหลั่ง</p></li><li><p>เริมอาจเกิดขึ้นในรูปแบบของแผลพุพองและมีอาการเจ็บปวดบริเวณที่ติดเชื้อ</p></li></ul>","<ul><li><p><strong>วิธีดูแล และ การป้องกัน</strong></p></li><li><p>- หลีกเลี่ยงการสัมผัสแผลเริมของผู้อื่น</p></li><li><p>- ไม่ใช้ของส่วนตัวร่วมกัน เช่น แก้วน้ำ ผ้าเช็ดหน้า</p></li><li><p>- รักษาความสะอาดบริเวณแผล</p></li><li><p>- ใช้ยาตามคำแนะนำแพทย์เพื่อควบคุมอาการ</p></li><li><p>- หากมีอาการรุนแรงหรือซ้ำบ่อย ควรปรึกษาแพทย์</p></li></ul>","<ul><li><p><strong>อาการ</strong></p></li><li><p>- แผลพุพองเล็ก ๆ บริเวณริมฝีปากหรืออวัยวะเพศ</p></li><li><p>- รู้สึกเจ็บปวดหรือแสบบริเวณแผล</p></li><li><p>- บางครั้งอาจมีไข้ ปวดเมื่อยกล้ามเนื้อ หรืออาการคล้ายไข้หวัดใหญ่</p></li><li><p>- บางรายอาจมีอาการคันหรือรู้สึกแสบร้อนก่อนเกิดแผล</p></li></ul>","<ul><li><p><strong>การติดต่อ</strong></p></li><li><p>- ติดต่อผ่านการสัมผัสโดยตรงกับแผลเริม หรือสารคัดหลั่ง เช่น น้ำลาย น้ำคัดหลั่งทางเพศ</p></li><li><p>- สามารถติดต่อได้แม้ไม่มีแผลชัดเจนในบางช่วงเวลา (ช่วงไวรัสแพร่กระจาย)</p></li></ul>"
"25","คัดจมูกแพ้อากาศ (Nasal Congestion due to Allergies/Allergic Rhinitis)","เป็นอาการคัดจมูกที่เกิดจากการแพ้สารก่อภูมิแพ้ในอากาศ เช่น ฝุ่น ละอองเกสรดอกไม้ ขนสัตว์ หรือเชื้อรา ซึ่งทำให้เยื่อบุจมูกอักเสบและบวม","2","J30.9","<ul><li><p><strong>รายละเอียดของโรค</strong></p></li><li><p>เกิดจากระบบภูมิคุ้มกันตอบสนองเกินไปต่อสารก่อภูมิแพ้</p></li><li><p>อาการมักเป็นๆ หายๆ ตามฤดูกาลหรือความเข้มข้นของสารก่อภูมิแพ้</p></li><li><p>เป็นโรคภูมิแพ้ที่พบบ่อยและส่งผลต่อคุณภาพชีวิต</p></li></ul>","<ul><li><p><strong>วิธีดูแล และ การป้องกัน</strong></p></li><li><p>- หลีกเลี่ยงสารก่อภูมิแพ้ เช่น ฝุ่น ละอองเกสร ขนสัตว์</p></li><li><p>- รักษาความสะอาดบ้าน และใช้เครื่องฟอกอากาศ</p></li><li><p>- ล้างจมูกด้วยน้ำเกลือเพื่อลดสารก่อภูมิแพ้ในโพรงจมูก</p></li><li><p>- ใช้ยาแก้แพ้ตามคำแนะนำแพทย์</p></li></ul>","<ul><li><p><strong>อาการ</strong></p></li><li><p>- คัดจมูก น้ำมูกใสไหล</p></li><li><p>- จามบ่อย</p></li><li><p>- คันจมูก คันตา</p></li><li><p>- ตาแดง น้ำตาไหล</p></li><li><p>- บางรายอาจมีเสียงหายใจดังในจมูก</p></li></ul>","<ul><li><p><strong>การติดต่อ</strong></p></li><li><p>- ไม่ติดต่อจากคนสู่คน เป็นโรคภูมิแพ้ที่เกิดจากปฏิกิริยาภูมิคุ้มกันส่วนบุคคล</p></li></ul>"
"26","คางทูม (Mumps)","คางทูมเป็นโรคติดเชื้อไวรัสที่ทำให้ต่อมน้ำลายบวม โดยเฉพาะต่อมน้ำลายใต้หู (Parotid gland) ทำให้เกิดอาการบวมเจ็บบริเวณใบหน้า","2","B26.9","<p><strong>คางทูม (Mumps)</strong>&nbsp;เป็นโรคติดต่อทางระบบทางเดินหายใจ ที่ติดเชื้อไวรัสจากคนสู่คน โดยสัมผัสละอองน้ำลายของผู้ที่ติดเชื้อได้จากการไอหรือจาม ไวรัสจะเคลื่อนจากระบบทางเดินหายใจไปยังต่อมน้ำลายบริเวณข้างหู เมื่อต่อมนี้เกิดการอักเสบจะทำให้เกิดอาการเจ็บปวดและบวมแดง นอกจากนี้ ถ้าไวรัสแพร่กระจายเข้าสู่น้ำหล่อเลี้ยงสมองและไขสันหลังแล้ว ก็อาจจะแพร่ไปที่อื่นในร่างกายส่งผลให้เกิดภาวะแทรกซ้อนได้ เช่น ภาวะแทรกซ้อนในระบบสืบพันธุ์</p>","<ul><li><p>- แยกผู้ป่วยออกจากผู้อื่นจนกว่าจะหาย</p></li><li><p>- หมั่นล้างมือและทำความสะอาดสิ่งของที่สัมผัส</p></li><li><p>- รับวัคซีน MMR (Measles, Mumps, Rubella) เพื่อป้องกัน</p></li><li><p>- พักผ่อนให้เพียงพอและดื่มน้ำมาก ๆ</p></li></ul>","<ul><li><p>- ต่อมน้ำลายบวม เจ็บ และแดงบริเวณข้างแก้มใต้หู</p></li><li><p>- ปวดเมื่อกลืนอาหารหรือเปิดปากกว้าง</p></li><li><p>- มีไข้ ปวดหัว อ่อนเพลีย</p></li><li><p>- บางรายอาจมีอาการปวดกล้ามเนื้อ หรืออักเสบของอวัยวะอื่น เช่น อัณฑะ</p></li></ul>","<ul><li><p>- ติดต่อจากการสัมผัสสารคัดหลั่งของผู้ป่วย เช่น น้ำลาย น้ำมูก หรือจามไอ</p></li><li><p>- ติดต่อได้ง่ายในที่ชุมนุม เช่น โรงเรียน</p></li></ul>"
"27","ต่อมทอนซิลอักเสบ (Tonsillitis)","ต่อมทอนซิลอักเสบคือ ภาวะที่ต่อมทอนซิล (ต่อมน้ำเหลืองที่อยู่สองข้างของคอ) เกิดการอักเสบจากการติดเชื้อไวรัสหรือแบคทีเรีย ทำให้เจ็บคอ กลืนลำบาก และอาจมีไข้ร่วมด้วย","2","J03.9","<ul><li><p><strong>รายละเอียดของโรค</strong></p></li><li><p>สาเหตุจากเชื้อไวรัส เช่น Adenovirus, Influenza virus หรือแบคทีเรีย โดยเฉพาะ <em>Streptococcus pyogenes</em></p></li><li><p>พบมากในเด็กและวัยรุ่น</p></li><li><p>แบ่งเป็นชนิดเฉียบพลันและเรื้อรัง</p></li></ul>","<ul><li><p><strong>วิธีดูแล และ การป้องกัน</strong></p></li><li><p>- หลีกเลี่ยงใกล้ชิดผู้ติดเชื้อ</p></li><li><p>- ล้างมือบ่อย ๆ</p></li><li><p>- หลีกเลี่ยงการใช้ของใช้ส่วนตัวร่วมกับผู้อื่น</p></li><li><p>- พักผ่อนให้เพียงพอ ดื่มน้ำมาก ๆ</p></li><li><p>- ใช้น้ำเกลือกลั้วคอเพื่อบรรเทาอาการเจ็บคอ</p></li></ul>","<ul><li><p><strong>อาการ</strong></p></li><li><p>- เจ็บคอมาก โดยเฉพาะเวลากลืน</p></li><li><p>- ต่อมทอนซิลบวม แดง อาจมีหนอง</p></li><li><p>- มีไข้ หนาวสั่น</p></li><li><p>- กลิ่นปาก เสียงเปลี่ยน</p></li><li><p>- ต่อมน้ำเหลืองที่คอบวม เจ็บ</p></li><li><p>- บางรายมีอาการปวดหูหรือปวดศีรษะ</p></li></ul>","<ul><li><p><strong>การติดต่อ</strong></p></li><li><p>- ติดต่อผ่านละอองจากการไอ จาม หรือสัมผัสสารคัดหลั่งของผู้ป่วย</p></li><li><p>- การใช้ภาชนะร่วมกัน เช่น ช้อน แก้วน้ำ</p></li></ul>"
"28","ไซนัสอักเสบ (Sinusitis)","ไซนัสอักเสบคือ ภาวะที่เยื่อบุโพรงไซนัสเกิดการอักเสบหรือบวม มักเกิดจากการติดเชื้อไวรัส แบคทีเรีย หรือแพ้อากาศ ทำให้มีอาการคัดจมูก ปวดใบหน้า น้ำมูกไหล และอาจมีไข้ร่วมด้วย","2","J01.90","<ul><li><p>โพรงไซนัส คือ ช่องอากาศรอบจมูกและตา มีหน้าที่ปรับอุณหภูมิอากาศ และช่วยกระจายเสียง</p></li><li><p>หากมีสิ่งแปลกปลอม เช่น เชื้อโรค ฝุ่น หรือสารก่อภูมิแพ้ ทำให้เยื่อบุโพรงอักเสบ เกิดการบวม ปิดกั้นทางระบาย</p></li><li><p>แบ่งเป็น 2 แบบ:</p><ul><li><p><strong>เฉียบพลัน</strong> (Acute): อาการไม่เกิน 4 สัปดาห์</p></li><li><p><strong>เรื้อรัง</strong> (Chronic): อาการนานกว่า 12 สัปดาห์</p></li></ul></li></ul>","<ul><li><p>- หลีกเลี่ยงสารก่อภูมิแพ้ ฝุ่น ควัน</p></li><li><p>- รักษาสุขอนามัย ล้างมือบ่อย</p></li><li><p>- ดื่มน้ำมาก ๆ เพื่อช่วยให้น้ำมูกไม่ข้น</p></li><li><p>- หากมีอาการแพ้ควรรักษาและควบคุมให้ดี</p></li><li><p>- หลีกเลี่ยงการว่ายน้ำในน้ำที่ไม่สะอาด</p></li></ul>","<ul><li><p>- ปวดหรือแน่นบริเวณใบหน้า หน้าผาก โหนกแก้ม</p></li><li><p>- คัดจมูก น้ำมูกข้น หรือเป็นหนอง</p></li><li><p>- การรับกลิ่นลดลง</p></li><li><p>- ปวดศีรษะ</p></li><li><p>- มีไข้ อ่อนเพลีย</p></li><li><p>- เสียงเปลี่ยน (เสียงอู้อี้)</p></li></ul>","<ul><li><p>- โดยปกติไม่ติดต่อโดยตรง</p></li><li><p>- หากเกิดจากเชื้อไวรัสหรือแบคทีเรีย อาจแพร่จากการไอ จาม</p></li></ul>"
"29","เหงือกอักเสบ (Gingivitis)","เหงือกอักเสบคือ ภาวะที่เหงือกมีการอักเสบ บวม แดง และมีเลือดออกง่าย มักเกิดจากคราบจุลินทรีย์สะสมที่ขอบเหงือก หากไม่รักษาอาจลุกลามเป็นโรคปริทันต์ (Periodontitis)","2","K05.1","<ul><li><p>เหงือกอักเสบมักเริ่มจาก <strong>คราบพลัค (Plaque)</strong> ซึ่งเป็นฟิล์มแบคทีเรียที่เกาะตามฟัน</p></li><li><p>หากไม่ขจัดออก จะกลายเป็นหินปูนและกระตุ้นให้เหงือกอักเสบ</p></li><li><p>หากปล่อยไว้อาจกระทบต่อเนื้อเยื่อและกระดูกที่ยึดฟัน</p></li></ul>","<ul><li><p>- แปรงฟันอย่างถูกวิธี วันละ 2 ครั้ง</p></li><li><p>- ใช้ไหมขัดฟันทุกวัน</p></li><li><p>- พบทันตแพทย์เพื่อตรวจและขูดหินปูนทุก 6 เดือน</p></li><li><p>- หลีกเลี่ยงการสูบบุหรี่</p></li><li><p>- รักษาสุขภาพโดยรวมให้ดี เช่น ควบคุมระดับน้ำตาลในผู้ป่วยเบาหวาน</p></li></ul>","<ul><li><p>- เหงือกบวม แดง</p></li><li><p>- มีเลือดออกขณะแปรงฟันหรือใช้ไหมขัดฟัน</p></li><li><p>- มีกลิ่นปาก</p></li><li><p>- เหงือกร่น</p></li><li><p>- อาจรู้สึกเจ็บหรือระคายเคืองในเหงือก</p></li></ul>","<ul><li><p><strong>- ไม่ใช่โรคติดต่อโดยตรง</strong></p></li><li><p>- แต่อาจเกิดร่วมกับการมีสุขอนามัยในช่องปากไม่ดี ซึ่งสามารถพบได้หลายคนในครอบครัวเดียวกัน</p></li></ul>"
"30","คอพอก (Goiter)","คอพอก คือ ภาวะที่ต่อมไทรอยด์มีขนาดใหญ่กว่าปกติ ทำให้เห็นเป็นก้อนหรือบวมที่บริเวณคอด้านหน้า อาจเกิดจากหลายสาเหตุ เช่น การขาดไอโอดีน หรือภาวะไทรอยด์ทำงานผิดปกติ","2","E04.9","<ul><li><p>ต่อมไทรอยด์เป็นต่อมรูปผีเสื้อบริเวณลำคอส่วนหน้า</p></li><li><p>คอพอกอาจเกิดได้ทั้งจากภาวะ <strong>ไทรอยด์ทำงานปกติ, ทำงานเกิน (ไทรอยด์เป็นพิษ)</strong> หรือ <strong>ทำงานต่ำ (ไทรอยด์ต่ำ)</strong></p></li><li><p>พบได้ในทุกเพศทุกวัย แต่พบในเพศหญิงมากกว่า</p></li></ul>","<ul><li><p>- รับประทานอาหารที่มี <strong>ไอโอดีน</strong> อย่างเพียงพอ เช่น เกลือเสริมไอโอดีน</p></li><li><p>- ตรวจสุขภาพประจำปีโดยเฉพาะผู้หญิงวัยกลางคน</p></li><li><p>- หากมีอาการบวมที่คอ ควรไปพบแพทย์ทันที</p></li><li><p>- หลีกเลี่ยงการใช้ยาสมุนไพรหรืออาหารเสริมที่กระตุ้นต่อมไทรอยด์โดยไม่จำเป็น</p></li></ul>","<ul><li><p>- มีก้อนบวมที่คอด้านหน้า</p></li><li><p>- อาจกลืนลำบากหรือรู้สึกแน่นคอ</p></li><li><p>- อาจมีเสียงแหบ หายใจลำบาก</p></li><li><p>- ถ้าไทรอยด์ทำงานเกิน: ใจสั่น เหงื่อออก น้ำหนักลด</p></li><li><p>- ถ้าไทรอยด์ทำงานต่ำ: อ่อนเพลีย น้ำหนักเพิ่ม หนาวง่าย</p></li></ul>","<ul><li><p><strong>- ไม่ใช่โรคติดต่อ</strong></p></li><li><p>- แต่บางรูปแบบอาจมีปัจจัยทางกรรมพันธุ์</p></li></ul>"
"31","ความดันต่ำหน้ามืดเวียนศีรษะ (Low Blood Pressure/Hypotension)","ความดันโลหิตต่ำ คือ ภาวะที่ความดันเลือดในหลอดเลือดแดงต่ำกว่าค่ามาตรฐาน ทำให้เลือดไหลเวียนไปยังอวัยวะต่างๆ ได้ไม่เพียงพอ ส่งผลให้เกิดอาการหน้ามืด เวียนศีรษะ และอ่อนเพลีย","2","I95.9","<ul><li><p>ความดันโลหิตต่ำมักนิยามว่า &lt; 90/60 mmHg</p></li><li><p>อาจเกิดขึ้นจากการขาดน้ำ เสียน้ำมาก การใช้ยา หรือปัญหาเกี่ยวกับหัวใจ</p></li><li><p>พบได้ในทุกเพศทุกวัย โดยเฉพาะผู้สูงอายุหรือคนที่มีโรคเรื้อรัง</p></li></ul>","<ul><li><p>- ดื่มน้ำมากๆ อย่างน้อย 6-8 แก้วต่อวัน</p></li><li><p>- รับประทานอาหารที่มีเกลือในระดับเหมาะสม</p></li><li><p>- หลีกเลี่ยงการยืนเร็วหรือเปลี่ยนท่าทางเร็ว</p></li><li><p>- หมั่นออกกำลังกายเพื่อเพิ่มการไหลเวียนเลือด</p></li><li><p>- หลีกเลี่ยงการดื่มแอลกอฮอล์</p></li><li><p>- พักผ่อนให้เพียงพอ</p></li></ul>","<ul><li><p>- หน้ามืด เวียนศีรษะ</p></li><li><p>- เหนื่อยง่าย อ่อนเพลีย</p></li><li><p>- เป็นลมบ่อย โดยเฉพาะเวลาเปลี่ยนอิริยาบถ</p></li><li><p>- มือเท้าเย็น ชีพจรเต้นเบา</p></li><li><p>- คลื่นไส้ มองเห็นภาพซ้อน</p></li></ul>","<ul><li><p><strong>- ไม่ใช่โรคติดต่อ</strong></p></li><li><p>- เป็นภาวะทางกายที่เกิดจากปัจจัยหลายอย่าง เช่น ภาวะขาดน้ำ หัวใจเต้นผิดจังหวะ หรือยา</p></li></ul>"
"32","ริดสีดวงตา (Hemorrhoids of the Eye - likely referring to Subconjunctival Hemorrhage)","ภาวะที่มีเลือดออกบริเวณใต้เยื่อบุตาขาว (เยื่อบางๆ ที่คลุมผิวลูกตา) ทำให้ตาแดงเหมือนเลือดออก แต่อาการไม่อันตรายและหายเองได้","2","H57.89","<ul><li><p>- เกิดจากเส้นเลือดฝอยในเยื่อบุตาขาวแตก</p></li><li><p>- มักเกิดขึ้นเฉียบพลันโดยไม่มีอาการเจ็บ</p></li><li><p>- ไม่ส่งผลกระทบต่อการมองเห็น</p></li><li><p>- มักเกิดจากการไอแรง จาม ยกของหนัก ขยี้ตา หรืออุบัติเหตุเล็กน้อย</p></li></ul>","<ul><li><p>- หลีกเลี่ยงการขยี้ตารุนแรง</p></li><li><p>- พักผ่อนให้เพียงพอ</p></li><li><p>- หากใช้ยาต้านการแข็งตัวของเลือด ควรตรวจเลือดตามแพทย์นัด</p></li><li><p>- หากเกิดบ่อย ควรพบแพทย์เพื่อตรวจหาโรคความดันโลหิตสูงหรือโรคเลือด</p></li></ul>","<ul><li><p>- ตาแดงสดในบริเวณขาวของลูกตา</p></li><li><p>- ไม่มีอาการปวดหรือเคือง</p></li><li><p>- ไม่มีน้ำตาไหลหรือหนอง</p></li><li><p>- การมองเห็นเป็นปกติ</p></li></ul>","<ul><li><p>- ไม่ใช่โรคติดต่อ</p></li></ul>"
"33","ท้องร่วง (Diarrhea)","ท้องร่วงคือภาวะที่มีการถ่ายอุจจาระเหลวหรือเป็นน้ำมากกว่าปกติ วันละมากกว่า 3 ครั้ง อาจเกิดจากการติดเชื้อ ระบบย่อยอาหารผิดปกติ หรือการแพ้อาหาร","3","R19.7","<ul><li><p>- ท้องร่วงมักเกิดจากไวรัส แบคทีเรีย หรือพยาธิ</p></li><li><p>- อาจมีสาเหตุจากอาหารปนเปื้อน อาหารที่ไม่สะอาด หรือการแพ้อาหารบางประเภท</p></li><li><p>- อาจมีอาการร่วม เช่น ปวดท้อง คลื่นไส้ อาเจียน มีไข้</p></li></ul>","<ul><li><p>- ดื่มน้ำมาก ๆ เพื่อป้องกันการขาดน้ำ</p></li><li><p>- เลือกรับประทานอาหารปรุงสุกใหม่ สะอาด</p></li><li><p>- ล้างมือก่อนรับประทานอาหารและหลังเข้าห้องน้ำ</p></li><li><p>- หลีกเลี่ยงนม อาหารมัน หรืออาหารรสจัดขณะท้องเสีย</p></li><li><p>- หากถ่ายเหลวนานเกิน 2 วัน หรือมีไข้สูง ควรพบแพทย์</p></li></ul>","<ul><li><p>- ถ่ายเหลว หรือถ่ายเป็นน้ำ</p></li><li><p>- ปวดท้องหรือปวดเกร็งในช่องท้อง</p></li><li><p>- อ่อนเพลีย มีไข้ คลื่นไส้</p></li><li><p>- ในบางรายอาจมีอาการขาดน้ำ เช่น ปากแห้ง ปัสสาวะน้อย เวียนศีรษะ</p></li></ul>","<ul><li><p>- ติดต่อได้จากการกินอาหารหรือน้ำที่ปนเปื้อน</p></li><li><p>- สัมผัสมือหรือสิ่งของที่มีเชื้อโรคแล้วเอาเข้าปาก</p></li><li><p>- การล้างมือไม่สะอาดหลังเข้าห้องน้ำ</p></li></ul>"
"34","ท้องเสีย (Dysentery)","ท้องเสียแบบมีมูกหรือเลือด (Dysentery) คือการอักเสบของลำไส้ โดยเฉพาะลำไส้ใหญ่ ทำให้ถ่ายอุจจาระบ่อย มีมูก เลือด หรือหนอง มักเกิดจากเชื้อแบคทีเรีย เช่น Shigella, Salmonella, หรือ Entamoeba histolytica (โปรโตซัว)","3","A09","<ul><li><p>- ติดต่อโดยการกินอาหารหรือน้ำที่ปนเปื้อน</p></li><li><p>- เชื้อจะทำลายเยื่อบุลำไส้ ทำให้เกิดอาการอักเสบ</p></li><li><p>- พบมากในเด็ก ผู้สูงอายุ หรือในพื้นที่ที่สุขาภิบาลไม่ดี</p></li></ul>","<ul><li><p>- ล้างมือบ่อย ๆ โดยเฉพาะก่อนกินและหลังเข้าห้องน้ำ</p></li><li><p>- ดื่มน้ำสะอาด หลีกเลี่ยงอาหารสุก ๆ ดิบ ๆ</p></li><li><p>- รับประทานอาหารที่ปรุงสุกและเก็บในภาชนะสะอาด</p></li><li><p>- ดื่ม ORS (น้ำตาลเกลือแร่) ป้องกันภาวะขาดน้ำ</p></li><li><p>- ไม่ควรใช้ยาหยุดถ่ายในกรณีที่มีมูกเลือด (ควรขับเชื้อออก)</p></li></ul>","<ul><li><p>- ถ่ายเหลววันละหลายครั้ง มีมูกหรือเลือดปน</p></li><li><p>- ปวดบีบท้อง ปวดเบ่ง</p></li><li><p>- อ่อนเพลีย มีไข้ หนาวสั่น</p></li><li><p>- คลื่นไส้ อาเจียน</p></li><li><p>- อาจเกิดภาวะขาดน้ำรุนแรงได้</p></li></ul>","<ul><li><p>- ทางปาก โดยการกินอาหาร/น้ำที่ปนเปื้อน</p></li><li><p>- ติดต่อผ่านมือที่ไม่สะอาดหรือสัมผัสสิ่งของปนเปื้อน</p></li><li><p>- ไม่ติดต่อโดยการหายใจหรือสัมผัสผิวหนังโดยตรง</p></li></ul>"
"35","ใจสั่นใจหวิว (Palpitations)","อาการใจสั่นใจหวิว (Palpitations) คือความรู้สึกที่หัวใจเต้นแรง เต้นเร็ว หรือเต้นผิดจังหวะ รู้สึกเหมือนหัวใจ “เต้นตุ้บ ๆ” หรือ “สะดุด” อาจเกิดขึ้นชั่วคราว หรือเป็นอาการของโรคหัวใจหรือภาวะอื่น ๆ","3","R00.2","<ul><li><p>- เป็นอาการ ไม่ใช่โรคโดยตรง</p></li><li><p>- เกิดได้จากหลายสาเหตุ เช่น ความเครียด วิตกกังวล การออกกำลังกายมากเกินไป หรือภาวะขาดน้ำ</p></li><li><p>- อาจเกิดจากโรคหัวใจ เช่น หัวใจเต้นผิดจังหวะ, ลิ้นหัวใจผิดปกติ</p></li><li><p>- บางครั้งเกี่ยวข้องกับภาวะฮอร์โมน เช่น ไทรอยด์เป็นพิษ หรือหมดประจำเดือน</p></li></ul>","<ul><li><p>- พักผ่อนให้เพียงพอ</p></li><li><p>- หลีกเลี่ยงคาเฟอีน แอลกอฮอล์ หรือสารกระตุ้น</p></li><li><p>- หลีกเลี่ยงความเครียด</p></li><li><p>- ดื่มน้ำให้เพียงพอ</p></li><li><p>- หากมีอาการบ่อย ควรพบแพทย์ตรวจคลื่นไฟฟ้าหัวใจ (EKG)</p></li></ul>","<ul><li><p>- รู้สึกว่าหัวใจเต้นแรงหรือเร็วผิดปกติ</p></li><li><p>- ใจหวิว เหมือนหัวใจ “ลอย”</p></li><li><p>- มึนศีรษะ หน้ามืด เหงื่อออก</p></li><li><p>- เหนื่อยง่าย</p></li><li><p>- ในรายรุนแรงอาจหมดสติ</p></li></ul>","<ul><li><p>- ไม่ใช่โรคติดต่อ</p></li><li><p>- เกิดจากภายในร่างกายหรือพฤติกรรมการใช้ชีวิต</p></li></ul>"
"36","พยาธิตัวตีด (Tapeworm Infestation)","พยาธิตัวตืดคือปรสิตที่อาศัยอยู่ในลำไส้ของมนุษย์และสัตว์ โดยได้รับการติดเชื้อจากการรับประทานเนื้อสัตว์ที่ปรุงไม่สุกหรือดิบ เช่น เนื้อหมู เนื้อวัว หรือปลาที่มีตัวอ่อนของพยาธิ

","3","B68","<ul><li><p>- พยาธิตัวตืดที่พบบ่อย ได้แก่ <strong>Taenia saginata</strong> (จากเนื้อวัว), <strong>Taenia solium</strong> (จากเนื้อหมู) และ <strong>Diphyllobothrium latum</strong> (จากปลา)</p></li><li><p>- เมื่อเข้าสู่ร่างกาย ตัวอ่อนจะเจริญเติบโตเป็นพยาธิตัวเต็มวัยในลำไส้</p></li><li><p>- สามารถยาวได้หลายเมตร และอาศัยดูดซึมสารอาหารจากลำไส้ของคน</p></li><li><p>- ในบางกรณี เช่น <em>Taenia solium</em> อาจก่อให้เกิด <strong>พยาธิในสมอง (Cysticercosis)</strong> ซึ่งอันตรายรุนแรง</p></li></ul>","<ul><li><p>- ปรุงอาหารให้สุกโดยเฉพาะเนื้อหมู เนื้อวัว ปลา</p></li><li><p>- ล้างมือก่อนรับประทานอาหาร</p></li><li><p>- ควบคุมสุขาภิบาลสิ่งแวดล้อม</p></li><li><p>- ตรวจคัดกรองในพื้นที่เสี่ยงหรือตรวจอุจจาระ</p></li></ul>","<ul><li><p>- คลื่นไส้ ปวดท้อง เบื่ออาหาร</p></li><li><p>- น้ำหนักลด</p></li><li><p>- อ่อนเพลีย</p></li><li><p>- อาจพบปล้องพยาธิในอุจจาระ</p></li><li><p>- หากมีพยาธิในสมอง อาจชัก ปวดศีรษะ</p></li></ul>","<ul><li><p>- รับประทานเนื้อสัตว์ดิบหรือปรุงไม่สุกที่มีตัวอ่อนของพยาธิ</p></li><li><p>- สุขอนามัยไม่ดี เช่น การใช้มือสกปรับจับอาหาร</p></li><li><p>- พยาธิไม่ติดต่อจากคนสู่คนโดยตรง แต่ไข่อาจปนเปื้อนสิ่งแวดล้อม</p></li></ul>"
"37","พยาธิเส้นด้าย (Threadworm Infestation)","พยาธิเส้นด้าย หรือพยาธิปากขอ (Enterobius vermicularis) เป็นพยาธิตัวเล็ก ๆ ที่อาศัยในลำไส้ใหญ่ของมนุษย์ มักพบในเด็กและติดต่อกันง่ายในครอบครัวหรือสถานที่ที่มีคนรวมตัวกัน","3","B80","<ul><li><p>- พยาธิชนิดนี้มีขนาดเล็ก ยาวประมาณ 1 เซนติเมตร</p></li><li><p>- ตัวเมียจะออกไข่บริเวณรอบทวารหนักในตอนกลางคืน ทำให้เกิดอาการคัน</p></li><li><p>- ไข่พยาธิสามารถอยู่ในสภาพแวดล้อมและแพร่เชื้อได้ง่าย</p></li></ul>","<ul><li><p>- ล้างมือให้สะอาดโดยเฉพาะหลังเข้าห้องน้ำและก่อนกินอาหาร</p></li><li><p>- ตัดเล็บให้สั้นและสะอาด</p></li><li><p>- ซักผ้าปูที่นอนและชุดชั้นในด้วยน้ำร้อน</p></li><li><p>- ทำความสะอาดบ้านอย่างสม่ำเสมอ</p></li><li><p>- หลีกเลี่ยงการเการอบทวารหนัก</p></li></ul>","<ul><li><p>- คันรอบทวารหนัก โดยเฉพาะตอนกลางคืน</p></li><li><p>- นอนไม่หลับ รำคาญ</p></li><li><p>- อาจมีอาการระคายเคืองในช่องคลอดในเด็กหญิง</p></li><li><p>- ในบางรายอาจมีปวดท้องหรือเบื่ออาหาร</p></li></ul>","<ul><li><p>- ติดต่อผ่านการกลืนไข่พยาธิที่ปนเปื้อนในมือ อาหาร ของเล่น หรือสิ่งของอื่น ๆ</p></li><li><p>- ไข่พยาธิที่ร่วงหล่นในที่นอน เสื้อผ้า หรือมือสู่ปาก เป็นสาเหตุหลักของการแพร่เชื้อซ้ำ</p></li></ul>"
"38","กระเพาะปัสสาวะอักเสบ (Cystitis/Urinary Tract Infection - UTI)","กระเพาะปัสสาวะอักเสบ คือการติดเชื้อที่กระเพาะปัสสาวะ ซึ่งเป็นส่วนหนึ่งของทางเดินปัสสาวะ ทำให้เกิดการอักเสบและระคายเคือง","4","N30.9","<ul><li><p>- เกิดจากเชื้อแบคทีเรีย เช่น Escherichia coli (E. coli) ที่ปกติอาศัยในลำไส้</p></li><li><p>- เชื้อแบคทีเรียเข้าสู่ทางเดินปัสสาวะและเพิ่มจำนวนมากจนเกิดการติดเชื้อ</p></li><li><p>- พบได้บ่อยในผู้หญิงเนื่องจากท่อปัสสาวะสั้นและใกล้ทวารหนัก</p></li></ul>","<ul><li><p>- ดื่มน้ำมาก ๆ เพื่อช่วยล้างเชื้อแบคทีเรีย</p></li><li><p>- ปัสสาวะให้หมดทุกครั้ง ไม่อั้นปัสสาวะ</p></li><li><p>- รักษาความสะอาดบริเวณอวัยวะเพศ</p></li><li><p>- หลังเข้าห้องน้ำ ควรเช็ดจากหน้าไปหลังเพื่อป้องกันเชื้อจากทวารหนักเข้าสู่ทางเดินปัสสาวะ</p></li><li><p>- หลีกเลี่ยงการใส่เสื้อผ้ารัดแน่นหรือเปียกชื้น</p></li></ul>","<ul><li><p>- ปัสสาวะขัด ปัสสาวะบ่อย</p></li><li><p>- ปัสสาวะมีสีขุ่นหรือมีกลิ่นเหม็น</p></li><li><p>- ปวดหรือแสบขณะปัสสาวะ</p></li><li><p>- ปวดท้องน้อยหรือแน่นท้อง</p></li><li><p>- บางรายอาจมีไข้ต่ำ ๆ</p></li></ul>","<p>ไม่ใช่โรคติดต่อทางเพศสัมพันธ์โดยตรง แต่เชื้อแบคทีเรียสามารถแพร่จากการมีเพศสัมพันธ์หรือการทำความสะอาดที่ไม่ถูกสุขลักษณะ</p>"
"39","โรคติดต่อทางเพศ (Sexually Transmitted Infections - STIs)","โรคติดต่อทางเพศสัมพันธ์ คือกลุ่มโรคที่เกิดจากการติดเชื้อซึ่งส่งผ่านจากคนหนึ่งไปยังอีกคนหนึ่งผ่านกิจกรรมทางเพศ เช่น เพศสัมพันธ์ทางช่องคลอด ทางทวารหนัก หรือทางปาก","4","A64","<ul><li><p>มีสาเหตุจากเชื้อแบคทีเรีย ไวรัส หรือปรสิต เช่น</p><ul><li><p>- แบคทีเรีย: ซิฟิลิส (Syphilis), หนองใน (Gonorrhea), คลามีเดีย (Chlamydia)</p></li><li><p>- ไวรัส: เอดส์ (HIV), เริม (Herpes Simplex Virus), หูดหงอนไก่ (HPV)</p></li><li><p>- ปรสิต: เหาในบริเวณอวัยวะเพศ</p></li></ul></li><li><p>- โรคเหล่านี้สามารถทำให้เกิดผลเสียต่อสุขภาพ เช่น การอักเสบเรื้อรัง ภาวะมีบุตรยาก หรือเพิ่มความเสี่ยงติดเชื้อเอชไอวี</p></li></ul>","<ul><li><p>- ใช้ถุงยางอนามัยทุกครั้งเมื่อต้องมีเพศสัมพันธ์</p></li><li><p>- ตรวจสุขภาพทางเพศอย่างสม่ำเสมอ</p></li><li><p>- หลีกเลี่ยงการมีคู่นอนหลายคน</p></li><li><p>- รักษาความสะอาดบริเวณอวัยวะเพศ</p></li><li><p>- หลีกเลี่ยงการใช้ของใช้ส่วนตัวร่วมกับผู้อื่น</p></li><li><p>- รับวัคซีน HPV หากมีโอกาส</p></li></ul>","<ul><li><p>- แสบหรือเจ็บขณะปัสสาวะ</p></li><li><p>- มีตกขาวหรือตกขาวผิดปกติ</p></li><li><p>- มีตุ่ม แผล หรือผื่นบริเวณอวัยวะเพศ</p></li><li><p>- ปวด บวม หรือคันบริเวณอวัยวะเพศ</p></li><li><p>- มีเลือดออกผิดปกติจากช่องคลอดหรืออวัยวะเพศ</p></li><li><p>- บางรายอาจไม่มีอาการแต่ยังแพร่เชื้อได้</p></li></ul>","<ul><li><p>- ผ่านการมีเพศสัมพันธ์ทุกรูปแบบ ได้แก่ ทางช่องคลอด ทวารหนัก หรือปาก</p></li><li><p>- ผ่านการสัมผัสเลือด เช่น การใช้เข็มฉีดยาร่วมกัน</p></li><li><p>- ผ่านจากแม่สู่ลูกขณะตั้งครรภ์หรือคลอด</p></li></ul>"
"40","เกาต์ (Gout)","เกาต์เป็นโรคข้ออักเสบชนิดหนึ่งที่เกิดจากการสะสมของกรดยูริกในเลือดมากเกินไป จนเกิดผลึกยูเรตสะสมตามข้อ ทำให้เกิดการอักเสบและปวดข้ออย่างรุนแรง","4","M10.9","<ul><li><p>- เกิดจากการที่ร่างกายสร้างกรดยูริกมากเกินไป หรือขับกรดยูริกออกน้อยเกินไป</p></li><li><p>- ผลึกยูเรตไปตกค้างที่ข้อ ทำให้เกิดอาการอักเสบเฉียบพลัน</p></li><li><p>- มักเกิดกับข้อที่นิ้วหัวแม่เท้า ข้อเท้า ข้อเข่า เป็นต้น</p></li><li><p>- มีปัจจัยเสี่ยง เช่น กินอาหารที่มีพิวรีนสูง ดื่มแอลกอฮอล์ ความอ้วน ประวัติครอบครัว</p></li></ul>","<ul><li><p>- หลีกเลี่ยงอาหารที่มีพิวรีนสูง เช่น เนื้อแดง เครื่องในสัตว์ อาหารทะเล</p></li><li><p>- ลดการดื่มแอลกอฮอล์</p></li><li><p>- ควบคุมน้ำหนักตัวให้เหมาะสม</p></li><li><p>- ดื่มน้ำมาก ๆ เพื่อช่วยขับกรดยูริก</p></li><li><p>- รับประทานยาและปฏิบัติตามคำแนะนำแพทย์อย่างเคร่งครัด</p></li></ul>","<ul><li><p>- ปวดข้ออย่างรุนแรง บวม แดง ร้อนบริเวณข้อ</p></li><li><p>- อาการมักเริ่มเฉียบพลันตอนกลางคืน</p></li><li><p>- ข้อขยับลำบาก มีไข้ร่วมได้ในบางราย</p></li><li><p>- บางรายมีเกต (Tophi) คือก้อนผลึกยูเรตใต้ผิวหนัง</p></li></ul>","<ul><li><p>- ไม่ติดต่อจากคนสู่คน</p></li></ul>"
"41","ริดสีดวงทวาร (Hemorrhoids)","ริดสีดวงทวาร คือ ภาวะที่หลอดเลือดบริเวณทวารหนักหรือช่องทวารขยายตัวและอักเสบ เกิดเป็นก้อนเนื้อหรือปุ่มนูนในหรือรอบทวารหนัก ทำให้เกิดอาการเจ็บปวดและเลือดออก","4","I84.9","<ul><li><p>- เกิดจากความดันในหลอดเลือดบริเวณทวารหนักสูง เช่น การเบ่งอุจจาระแรง ท้องผูกเรื้อรัง นั่งหรือยืนนาน</p></li><li><p>- ริดสีดวงทวารแบ่งเป็นชนิดภายในและภายนอก</p></li><li><p>- มักพบในผู้ที่มีอายุ 30-50 ปี และมีพฤติกรรมเสี่ยง เช่น กินอาหารมีกากใยน้อย ดื่มน้ำน้อย</p></li></ul>","<ul><li><p>- กินอาหารมีกากใยสูง เช่น ผัก ผลไม้</p></li><li><p>- ดื่มน้ำมาก ๆ เพื่อป้องกันท้องผูก</p></li><li><p>- ออกกำลังกายเป็นประจำ</p></li><li><p>- หลีกเลี่ยงการเบ่งอุจจาระแรงและนั่งนานในห้องน้ำ</p></li><li><p>- รักษาความสะอาดบริเวณทวารหนัก</p></li><li><p>- ใช้ผ้าชุบน้ำอุ่นประคบบริเวณที่เจ็บ</p></li></ul>","<ul><li><p>- เจ็บหรือคันบริเวณทวารหนัก</p></li><li><p>- มีเลือดสดติดมากับอุจจาระหรือกระดาษชำระ</p></li><li><p>- รู้สึกมีก้อนหรือบวมที่ทวารหนัก</p></li><li><p>- ริดสีดวงภายนอกอาจมีตุ่มบวมและเจ็บเวลานั่ง</p></li></ul>","<ul><li><p>- ไม่ติดต่อจากคนสู่คน</p></li></ul>"
"42","ถ่ายมูกหรือมูกเลือด (Nasal Discharge or Nosebleeds)","อุจจาระที่มีมูกหรือเลือดปน อาจบ่งบอกถึงการอักเสบหรือการติดเชื้อในลำไส้ใหญ่หรือลำไส้เล็ก","4","K62.5","<ul><li><p>- อาจเกิดจากโรคติดเชื้อในลำไส้ เช่น แบคทีเรีย (เช่น Shigella, Salmonella), ไวรัส หรือปรสิต</p></li><li><p>- โรคลำไส้อักเสบเรื้อรัง เช่น โรคโครห์น (Crohn’s disease), ลำไส้ใหญ่อักเสบเรื้อรัง (Ulcerative colitis)</p></li><li><p>- ภาวะลำไส้ระคายเคือง (IBS)</p></li><li><p>- โรคริดสีดวงทวารในช่องทวารที่มีเลือดออก</p></li></ul>","<ul><li><p>- รักษาความสะอาดมือ ล้างมือบ่อย ๆ โดยเฉพาะก่อนรับประทานอาหาร</p></li><li><p>- ดื่มน้ำสะอาดและอาหารที่ปรุงสุก</p></li><li><p>- หลีกเลี่ยงอาหารสกปรกหรืออาหารที่อาจทำให้ท้องเสีย</p></li><li><p>- พบแพทย์หากมีอาการรุนแรงหรือเลือดออกมาก</p></li></ul>","<ul><li><p>- ท้องเสียบ่อยครั้ง อาจมีมูกหรือเลือดปนในอุจจาระ</p></li><li><p>- ปวดท้องหรือปวดบิดเป็นพัก ๆ</p></li><li><p>- อาจมีไข้หรือคลื่นไส้ร่วมด้วย</p></li><li><p>- อุจจาระอาจเป็นน้ำหรือเป็นก้อนเล็ก ๆ</p></li></ul>","<ul><li><p>- หากเกิดจากเชื้อแบคทีเรียหรือไวรัส สามารถติดต่อทางอาหาร น้ำ หรือสัมผัสมือที่ไม่สะอาด</p></li></ul>"
"43","รถล้มการปฐมพยาบาลและการเคลื่อนย้ายผู้ป่วยในที่เกิดเหตุ","เป็นเหตุการณ์ที่ผู้ขับขี่หรือผู้โดยสารประสบอุบัติเหตุจากการล้มรถ เช่น รถจักรยานยนต์ รถจักรยาน หรือแม้แต่รถยนต์ ที่ทำให้เกิดบาดเจ็บในร่างกาย เช่น แผลถลอก กระดูกหัก หรืออาการบาดเจ็บภายใน","5","V20.XXXA","<p>ไม่ใช่โรคแต่เป็นอุบัติเหตุทางร่างกายที่เกิดจากการล้มรถ อาจมีตั้งแต่บาดแผลเล็กน้อยถึงรุนแรง เช่น แผลถลอก ฟกช้ำ กระดูกหัก หรือบาดเจ็บศีรษะและไขสันหลัง</p>","<ul><li><p><strong>ความปลอดภัย ณ จุดเกิดเหตุ:</strong>&nbsp;ประเมินสถานการณ์ให้แน่ใจว่าปลอดภัยต่อผู้ช่วยเหลือเองก่อนเข้าไปช่วยเหลือผู้บาดเจ็บ</p></li><li><p><strong>การปฐมพยาบาลเบื้องต้น:</strong></p><ul><li><p><strong>- ดูแลทางเดินหายใจ:</strong>&nbsp;ตรวจสอบว่าผู้บาดเจ็บหายใจได้หรือไม่ หากไม่หายใจ ให้ทำการช่วยฟื้นคืนชีพขั้นพื้นฐาน (CPR) หากได้รับการฝึกฝน</p></li><li><p><strong>- ห้ามเลือด:</strong>&nbsp;หากมีเลือดออก ให้ใช้ผ้าสะอาดกดบริเวณบาดแผลโดยตรง</p></li><li><p><strong>- ตรึงกระดูก:</strong>&nbsp;หากสงสัยว่ามีการหักของกระดูก (ปวด บวม ผิดรูป) ให้ดามด้วยวัสดุที่แข็งแรง เช่น ไม้ หรือกระดาษแข็ง และพันด้วยผ้า</p></li><li><p><strong>- ดูแลบาดแผล:</strong>&nbsp;ปิดบาดแผลด้วยผ้าสะอาดเพื่อป้องกันการติดเชื้อ</p></li><li><p><strong>- ประเมินระดับความรู้สึกตัว:</strong>&nbsp;พูดคุยกับผู้บาดเจ็บเพื่อดูว่ารู้สึกตัวหรือไม่</p></li></ul></li><li><p><strong>- การเคลื่อนย้ายผู้ป่วย:</strong>&nbsp;ควรเคลื่อนย้ายผู้บาดเจ็บให้น้อยที่สุดเท่าที่จะทำได้ โดยเฉพาะหากสงสัยว่ามีการบาดเจ็บที่กระดูกสันหลัง ควรรอทีมแพทย์กู้ชีพที่มีความชำนาญในการเคลื่อนย้าย หากจำเป็นต้องเคลื่อนย้ายจริงๆ ให้เคลื่อนย้ายโดยประคองศีรษะและลำตัวให้เป็นแนวเดียวกัน</p></li><li><p><strong>- โทรแจ้งหน่วยแพทย์ฉุกเฉิน:</strong>&nbsp;โทร 1669 เพื่อขอความช่วยเหลือทางการแพทย์โดยเร็วที่สุด ให้ข้อมูลเกี่ยวกับสถานที่เกิดเหตุ จำนวนผู้บาดเจ็บ และลักษณะการบาดเจ็บ</p></li></ul>","<ul><li><p>- บาดแผลถลอกหรือแผลเปิด</p></li><li><p>- ปวดตามจุดที่ได้รับบาดเจ็บ</p></li><li><p>- บวม ฟกช้ำ</p></li><li><p>- กระดูกเคลื่อนหรือหัก</p></li><li><p>- อาจมีอาการสลบหรือหมดสติในกรณีรุนแรง</p></li><li><p>- หายใจลำบากหรือเวียนศีรษะ</p></li></ul>","<ul><li><p>- ไม่ติดต่อ</p></li></ul>"
"44","ตกจากที่สูง (Fall from height)","การตกจากที่สูงเป็นอุบัติเหตุที่อาจก่อให้เกิดการบาดเจ็บตั้งแต่เล็กน้อยจนถึงรุนแรง เช่น กระดูกหัก สมองกระทบกระเทือน หรืออวัยวะภายในเสียหาย ขึ้นอยู่กับความสูงและลักษณะการตก

","5","W13.XXXA","<ul><li><p>- ผู้ป่วยอาจได้รับบาดเจ็บจากแรงกระแทก</p></li><li><p>- ความรุนแรงขึ้นกับระดับความสูง จุดที่กระแทก และสภาพร่างกายของผู้ป่วย</p></li><li><p>- อาจส่งผลต่อศีรษะ กระดูกสันหลัง กระดูกแขนขา หรืออวัยวะภายใน</p></li></ul>","<ul><li><p>- ใช้อุปกรณ์นิรภัยเมื่อต้องทำงานที่สูง เช่น หมวกนิรภัย สายรัดกันตก</p></li><li><p>- หลีกเลี่ยงกิจกรรมเสี่ยงโดยไม่มีอุปกรณ์ป้องกัน</p></li><li><p>- เดินระวังบริเวณที่พื้นต่างระดับ</p></li><li><p>- ติดตั้งราวกันตกในพื้นที่อันตราย</p></li></ul>","<ul><li><p>- ปวด บวม ฟกช้ำ หรือกระดูกผิดรูป</p></li><li><p>- อาการหมดสติ หรือสับสน</p></li><li><p>- เลือดออกภายนอกหรือภายใน</p></li><li><p>- หายใจลำบาก หรือเจ็บหน้าอก</p></li><li><p>- อัมพฤกษ์/อัมพาต หากกระดูกสันหลังได้รับผลกระทบ</p></li></ul>","<ul><li><p><strong>- ไม่ใช่โรคติดต่อ</strong> (เป็นอุบัติเหตุ)</p></li></ul>"
"45","บาดเจ็บจากการเล่นกีฬา (Sports injury)","การบาดเจ็บจากการเล่นกีฬา หมายถึง การบาดเจ็บที่เกิดขึ้นระหว่างการออกกำลังกายหรือเล่นกีฬา ซึ่งอาจเกิดขึ้นทันที (เฉียบพลัน) เช่น ข้อพลิก กล้ามเนื้อฉีก หรือเกิดแบบเรื้อรัง เช่น เอ็นอักเสบ จากการใช้งานซ้ำๆ

","5","Y93.69","<ul><li><p>มักเกิดจากการหกล้ม การปะทะ หรือการเคลื่อนไหวที่ผิดท่า</p></li><li><p>ส่วนใหญ่เกิดบริเวณ ข้อเท้า เข่า ข้อมือ ไหล่ หรือกล้ามเนื้อ</p></li><li><p>แบ่งเป็น 2 ประเภท:</p><ul><li><p><strong>- เฉียบพลัน</strong>: เช่น ข้อพลิก กล้ามเนื้อฉีก</p></li><li><p><strong>- เรื้อรัง</strong>: เช่น เอ็นอักเสบ พังผืดอักเสบ</p></li></ul></li></ul>","<ul><li><p>- อบอุ่นร่างกายก่อนเล่นกีฬา</p></li><li><p>- ใช้อุปกรณ์ป้องกันที่เหมาะสม</p></li><li><p>- หยุดเล่นหากมีอาการเจ็บ</p></li><li><p>- ออกกำลังกายอย่างถูกวิธี</p></li><li><p>- เสริมสร้างกล้ามเนื้อให้แข็งแรงอย่างสม่ำเสมอ</p></li></ul>","<ul><li><p>- ปวด บวม แดง ร้อน บริเวณที่บาดเจ็บ</p></li><li><p>- ขยับลำบาก หรือเคลื่อนไหวแล้วเจ็บ</p></li><li><p>- กล้ามเนื้ออ่อนแรง</p></li><li><p>- ฟกช้ำ หรือข้อผิดรูป (ในกรณีรุนแรง)</p></li></ul>","<ul><li><p>- ไม่ใช่โรคติดต่อ (เกิดจากอุบัติเหตุหรือการใช้งาน)</p></li></ul>"
"46","ก้างปลาติดคอ (Foreign body in pharynx)","ก้างปลาติดคอ คือ ภาวะที่มีก้างปลาหรือสิ่งแปลกปลอมติดอยู่ในลำคอ ทำให้เกิดอาการระคายเคือง เจ็บ หรือรู้สึกไม่สบายบริเวณคอ ซึ่งอาจก่อให้เกิดการอักเสบหรือบาดแผลได้ หากไม่ถูกนำออกอย่างเหมาะสม","5","T17.22XA","<ul><li><p>- เกิดจากการกลืนก้างปลาหรือสิ่งแปลกปลอมโดยไม่ตั้งใจ</p></li><li><p>- ก้างปลาที่ติดคออาจฝังในเยื่อบุช่องปาก ลิ้นไก่ คอหอย หรือกล่องเสียง</p></li><li><p>- หากไม่เอาออกอาจนำไปสู่การอักเสบ ติดเชื้อ หรือเป็นฝี</p></li></ul>","<ul><li><p>- เคี้ยวอาหารให้ละเอียดก่อนกลืน</p></li><li><p>- หลีกเลี่ยงการพูดหรือหัวเราะขณะรับประทานปลา</p></li><li><p>- หลีกเลี่ยงการกลืนข้าวเหนียวหรือกล้วยเพื่อดันก้างออก — อาจทำให้ก้างลึกขึ้น</p></li><li><p>- หากติดคอ ควรรีบพบแพทย์ ไม่ควรแคะหรือพยายามเอาออกเอง</p></li></ul>","<ul><li><p>- เจ็บหรือระคายเคืองในลำคอ</p></li><li><p>- รู้สึกเหมือนมีอะไรติดในคอ</p></li><li><p>- กลืนลำบากหรือกลืนแล้วเจ็บ</p></li><li><p>- อาจมีเลือดออกเล็กน้อย</p></li><li><p>- ไอหรือสำลัก</p></li></ul>","<ul><li><p>- ไม่ใช่โรคติดต่อ</p></li></ul>"
"47","บาดเจ็บจากของมีคม (Contact with sharp object)","การบาดเจ็บจากของมีคม คือการที่วัตถุแหลมคม เช่น มีด แก้ว เหล็ก หรือโลหะ บาดเข้าไปในผิวหนังหรือเนื้อเยื่อ อาจทำให้เกิดแผลเปิด มีเลือดออก เจ็บปวด และเสี่ยงติดเชื้อ","5","W29.XXXA","<ul><li><p>- แผลมักเป็นเส้นตรง ขอบเรียบ</p></li><li><p>- ความลึกและขนาดของแผลขึ้นอยู่กับแรงและมุมของของมีคม</p></li><li><p>- อาจเกิดการตัดเส้นเลือด เส้นประสาท หรือเอ็น</p></li><li><p>- เสี่ยงติดเชื้อหากของมีคมสกปรก หรือแผลไม่ได้รับการดูแลอย่างเหมาะสม</p></li></ul>","<ul><li><p>- ใช้อุปกรณ์ป้องกัน เช่น ถุงมือ หรือรองเท้านิรภัย</p></li><li><p>- จัดเก็บของมีคมให้ปลอดภัย</p></li><li><p>- หลีกเลี่ยงการเล่นหรือสัมผัสของมีคมโดยไม่จำเป็น</p></li><li><p>- หากเกิดบาดแผล ควรล้างแผลทันทีและปิดแผลอย่างถูกวิธี</p></li><li><p>- ไปพบแพทย์หากแผลลึกหรือใหญ่</p></li></ul>","<ul><li><p>- เจ็บแผล บวม แดง</p></li><li><p>- เลือดออก (มากหรือน้อย)</p></li><li><p>- หากลึกมาก อาจเห็นไขมัน กล้ามเนื้อ หรือกระดูก</p></li><li><p>- อาจมีอาการชา หากเส้นประสาทถูกตัด</p></li><li><p>- อาจมีไข้ ถ้าแผลติดเชื้อ</p></li></ul>","<ul><li><p>- ไม่ใช่โรคติดต่อ</p></li><li><p>- แต่ถ้าแผลสัมผัสเลือดหรือสารคัดหลั่งของผู้ติดเชื้อ HIV หรือไวรัสตับอักเสบ อาจเสี่ยงติดเชื้อได้</p></li></ul>"
"49","asdasd","asd","1","asd","<p></p>","<p></p>","<p></p>","<p></p>"
