"TreatmentID","TreatmentName","Description","Procedures","Duration","SideEffects","Contraindications"
"1","การรับประทานยาฆ่าเชื้อรา","ใช้ยารับประทานกรณีเชื้อราลุกลาม รุนแรง หรือไม่ตอบสนองต่อการทาเฉพาะที่","รับประทานยาตามที่แพทย์สั่งวันละ 1 ครั้ง
ตรวจการทำงานของตับก่อนและระหว่างใช้ยา","2–6 สัปดาห์ หรือมากกว่า","คลื่นไส้ ปวดหัว ผื่น ลมพิษ มีผลต่อตับ (ควรติดตามการทำงานของตับ)","ห้ามใช้ในผู้ป่วยโรคตับ โรคไต หญิงตั้งครรภ์ หรือผู้แพ้ตัวยา"
"3","รับประทานยา","รักษาเพื่อควบคุมไม่ให้ความดันสูงเกินไป

ป้องกันภาวะแทรกซ้อน เช่น หัวใจล้มเหลว ไตวาย

อาศัยทั้งการปรับพฤติกรรม + ยารักษาอย่างต่อเนื่อง","ตรวจวัดความดันอย่างสม่ำเสมอ

ปรับพฤติกรรม: ออกกำลังกาย, ลดเกลือ

ตรวจเลือด, ตรวจไต, ตรวจหัวใจ

รับประทานยาตามแพทย์สั่ง

ติดตามอาการทุก 3-6 เดือน","ป็นโรคเรื้อรัง ต้องรักษา ตลอดชีวิต  หากควบคุมได้ดี","ยาบางชนิดอาจทำให้:  อ่อนเพลีย  ขาบวม  เวียนศีรษะ  เสื่อมสมรรถภาพทางเพศในบางราย","หญิงตั้งครรภ์ (ยาบางกลุ่ม เช่น ACE inhibitors ห้ามใช้)  ผู้ป่วยโรคไตบางรายต้องระวัง  ห้ามหยุดยาด้วยตนเอง อาจเกิด rebound hypertension ได้"
"4","รับประทานยา","การรักษาโรคงูสวัดเน้นไปที่การ ลดการเพิ่มจำนวนของไวรัส, บรรเทาอาการปวด, และ ป้องกันภาวะแทรกซ้อน เช่น ปวดปลายประสาทเรื้อรัง (Postherpetic Neuralgia)
โดยใช้ ยาต้านไวรัส เป็นหลัก และอาจร่วมกับ ยาแก้ปวด หรือ ยาทาภายนอก ตามอาการของผู้ป่วย","วินิจฉัยจากอาการ เช่น ผื่นมีตุ่มน้ำใส เรียงตัวตามแนวเส้นประสาท

หากอยู่ในช่วง ไม่เกิน 72 ชั่วโมง หลังผื่นขึ้น:

สั่งจ่าย ยาต้านไวรัส เช่น Acyclovir, Valacyclovir, หรือ Famciclovir

ให้ยา แก้ปวด เช่น Paracetamol, Ibuprofen หรือยาเฉพาะทางสำหรับปวดเส้นประสาท (เช่น Gabapentin)

หากอาการรุนแรง: พิจารณาให้ ยาทาภายนอก เช่น ยาชาทา, คาลามายด์โลชั่น

ติดตามอาการเป็นระยะ โดยเฉพาะหากมีความเสี่ยงเกิดภาวะแทรกซ้อน","การรักษาด้วย ยาต้านไวรัส: 7–10 วัน  ผื่นและตุ่มน้ำ","ยาต้านไวรัส: คลื่นไส้ อาเจียน ปวดศีรษะ ผื่นแพ้ ผิวแห้ง  ยาแก้ปวด: ปวดท้อง แสบท้อง ง่วงนอน เวียนศีรษะ  ยาชาทาภายนอก: อาจเกิดผื่นคัน บางรายแพ้ส่วนผสม","ผู้ป่วยโรค ไตระยะรุนแรง: ต้องปรับขนาดยา  หญิงตั้งครรภ์และให้นมบุตร: ควรปรึกษาแพทย์ก่อนใช้ยา"
"5","ใช้ยาแก้แพ้","การรักษาผื่นคันขึ้นอยู่กับสาเหตุ หากเกิดจากภูมิแพ้ ใช้ยาแก้แพ้และยาทา หากเกิดจากเชื้อโรค ต้องใช้ยาฆ่าเชื้อร่วมด้วย และหลีกเลี่ยงสิ่งกระตุ้น","ตรวจสอบสาเหตุจากอาการหรือตรวจเพิ่มเติม

ให้ยาแก้แพ้ชนิดกินหรือชนิดทา

หากมีการติดเชื้อให้ยาต้านเชื้อร่วม

ให้คำแนะนำการดูแลผิวและหลีกเลี่ยงสิ่งกระตุ้น

ติดตามผลในกรณีผื่นเป็นเรื้อรัง

","อาการทั่วไป: 3–7 วัน  ผื่นเรื้อรัง: อาจใช้เวลาหลาย","ง่วง มึนหัว แห้งปาก","ห้ามใช้ยาสเตียรอยด์นานเกินไปโดยไม่มีแพทย์แนะนำ , ผู้มีโรคประจำตัว ควรแจ้งแพทย์ก่อนใช้ยาทุกชนิด"
"6","การระบายหนองและการรักษาด้วยยา","การรักษาฝีขึ้นอยู่กับความรุนแรง หากฝีมีขนาดเล็กอาจใช้เพียงยาปฏิชีวนะ แต่หากฝีมีขนาดใหญ่หรือไม่ยุบ อาจต้องทำการผ่าระบายหนอง","ตรวจวินิจฉัยตำแหน่งและขนาดของฝี

ถ้าขนาดเล็ก: ให้ยาปฏิชีวนะ

ถ้าขนาดใหญ่หรือมีหัว: ทำความสะอาดบริเวณฝี ฉีดยาชาเฉพาะที่ แล้วเจาะระบายหนอง

ใส่ผ้าก๊อซในแผลเพื่อป้องกันการปิดก่อนหนองหมด

ติดตามผลหลังการรักษา","หากใช้ยาปฏิชีวนะอย่างเดียว: 5–10 วัน  หากมีการผ่าต","เจ็บบริเวณที่ผ่า  มีแผลเป็นหลังแผลหาย  อาจมีการติดเชื้อซ้ำหากไม่ดูแลแผลให้ดี","ไม่ควรผ่าโดยไม่มีแพทย์ดูแล เพราะอาจทำให้ติดเชื้อลึกหรือลุกลาม  ห้ามใช้ยาปฏิชีวนะพร่ำเพรื่อ โดยไม่มีคำแนะนำจากแพทย์"
"7","รับประทานยา","ลมพิษมักรักษาได้ด้วยยาต้านฮีสตามีน หากลมพิษเรื้อรัง อาจต้องใช้ยากลุ่มอื่นร่วมด้วย เช่น ยาสเตียรอยด์ หรือยากดภูมิในบางกรณี","หาสาเหตุหรือสิ่งกระตุ้น

หลีกเลี่ยงสิ่งกระตุ้น

ให้ยาต้านฮีสตามีนชนิดไม่ง่วง

หากอาการรุนแรง อาจให้สเตียรอยด์ระยะสั้น

เฝ้าระวังอาการแพ้รุนแรง

","ลมพิษเฉียบพลัน: หายภายใน 1–3 วัน  ลมพิษเรื้อรัง: อ","ง่วง  ปากแห้ง  ท้องผูก  ในบางรายอาจเกิดอาการดื้อยา","ห้ามใช้ยากลุ่ม antihistamines ในเด็กเล็กโดยไม่มีคำแนะนำจากแพทย์  ผู้ป่วยที่มีโรคตับ/ไต ควรใช้ด้วยความระมัดระวัง"
"8","รับประทานยา","การรักษาโรคอีสุกอีใสเน้นที่การบรรเทาอาการ เช่น ลดไข้ ลดคัน และป้องกันภาวะแทรกซ้อน ยาต้านไวรัสอย่าง Acyclovir จะช่วยลดระยะเวลาการป่วย หากเริ่มใช้เร็วใน 24–48 ชั่วโมงแรก","ตรวจวินิจฉัยโดยแพทย์

ให้ยาต้านไวรัสถ้าจำเป็น (เช่นในผู้ใหญ่หรือผู้มีโรคแทรกซ้อน)

ให้ยาลดไข้ เช่น Paracetamol

ใช้ยาทาเพื่อลดอาการคัน เช่น Calamine lotion

แนะนำการดูแลตนเองและป้องกันการแพร่เชื้อ","ส่วนใหญ่หายภายใน 7–10 วัน  แผลอาจตกสะเก็ดและหายสนิ","จากยา: คลื่นไส้ ผื่น ปวดท้อง  จากการเกา: อาจเกิดแผลติดเชื้อ หรือเป็นแผลเป็น","ห้ามใช้ยา Acyclovir หากแพ้ยา  ห้ามใช้ยาลดไข้กลุ่มแอสไพรินในเด็ก เพราะเสี่ยงต่อ Reye’s Syndrome  ห้ามเกาตุ่ม เพราะเสี่ยงแผลติดเชื้อ"
"9","รับประทานยา","การรักษาไข้หวัดใหญ่เน้นที่การบรรเทาอาการ และให้ยาต้านไวรัสในกรณีที่จำเป็น โดยเฉพาะในผู้ป่วยกลุ่มเสี่ยง เพื่อป้องกันภาวะแทรกซ้อน เช่น ปอดบวม","ตรวจวินิจฉัยโดยแพทย์จากอาการหรือการตรวจ Rapid test

หากอยู่ในกลุ่มเสี่ยงหรืออาการรุนแรง อาจให้ยา Oseltamivir

ให้ยาลดไข้ เช่น Paracetamol

พักผ่อน ดื่มน้ำมาก ๆ

ติดตามอาการ หากไม่ดีขึ้นภายใน 3–5 วัน ให้พบแพทย์อีกครั้ง","ส่วนใหญ่หายภายใน 5–7 วัน  อาการอ่อนเพลียอาจคงอยู่ ","ยาต้านไวรัส: คลื่นไส้ ปวดศีรษะ  ยาลดไข้: ท้องเสีย ผื่น (ในบางราย)","ห้ามใช้ Oseltamivir ในผู้แพ้ยา  ห้ามใช้แอสไพรินในเด็กที่ติดเชื้อไวรัส เนื่องจากเสี่ยง Reye's Syndrome  หลีกเลี่ยงการให้ยาปฏิชีวนะโดยไม่จำเป็น เพราะไข้หวัดใหญ่เกิดจากไวรัส ไม่ใช่แบคทีเรีย"
"10","การทำความสะอาดแผลและป้องกันการติดเชื้อ รวมถึงการบรรเทาอาการอักเสบและเร่งการสมานแผล","เน้นการทำความสะอาดแผลอย่างถูกวิธีและใช้ยาปฏิชีวนะทาในกรณีติดเชื้อ พร้อมดูแลอาการอักเสบและป้องกันการแพร่กระจายเชื้อ","ล้างแผลด้วยน้ำสะอาดหรือสารละลายเกลือ

ใช้ครีมปฏิชีวนะตามคำแนะนำแพทย์

ปิดแผลด้วยผ้าก๊อซหรือผ้าพันแผลสะอาด

เปลี่ยนผ้าพันแผลทุกวัน หรือเมื่อเปียกชื้น

สังเกตอาการ หากมีไข้หรือแผลลุกลาม ให้พบแพทย์ทันที","โดยทั่วไปประมาณ 7-14 วัน ขึ้นกับความรุนแรงของแผลแล","ผิวหนังอาจมีอาการระคายเคืองบริเวณที่ทายา  บางรายอาจเกิดอาการแพ้ยา","กรณีหรือข้อควรระวังที่ไม่ควรใช้วิธีนี้ เช่น ห้ามใช้กับแผลลึก ห้ามใช้ในคนแพ้ยา"
"11","การรักษาตามอาการและการดูแลเพื่อป้องกันภาวะแทรกซ้อน","เน้นรักษาตามอาการ โดยการลดไข้และป้องกันภาวะแทรกซ้อน เช่น การขาดน้ำ หรือเลือดออกรุนแรง","ตรวจวินิจฉัยโดยแพทย์

ให้พักผ่อนมากๆ

ดื่มน้ำมากๆ เพื่อป้องกันการขาดน้ำ

ใช้ยา Paracetamol เพื่อลดไข้และบรรเทาปวด

หลีกเลี่ยงการใช้ยาแก้ปวด/ลดไข้กลุ่ม NSAIDs เช่น ไอบูโพรเฟน เพราะเสี่ยงเลือดออก

เฝ้าระวังอาการเลือดออกและช็อก หากมีอาการรุนแรงให้รีบนำส่งโรงพยาบาล","โดยทั่วไป 7-10 วัน อาการจะดีขึ้น","บางรายอาจมีภาวะแทรกซ้อนเลือดออก หรือช็อกจากไข้เลือดออก","ห้ามใช้ยาแก้ปวดลดไข้ที่มีผลต่อเกล็ดเลือด เช่น แอสไพริน และ NSAIDs  หลีกเลี่ยงยาที่มีผลเสียต่อการแข็งตัวของเลือด"
"12","การประคบร้อนและใช้ยาปฏิชีวนะทาตาเพื่อบรรเทาอาการและลดการติดเชื้อ","รักษาโดยการบรรเทาอาการอักเสบและติดเชื้อ ใช้วิธีประคบอุ่นและทายาปฏิชีวนะช่วยลดการติดเชื้อ","ใช้ผ้าชุบน้ำอุ่นประคบบริเวณกุ้งยิงวันละ 3-4 ครั้ง ครั้งละ 10-15 นาที

ทายา Erythromycin Eye Ointment บริเวณกุ้งยิงตามแพทย์สั่ง

หลีกเลี่ยงการขยี้ตาหรือสัมผัสตาด้วยมือสกปรก

รักษาความสะอาดมือและใบหน้า

หากตุ่มไม่ยุบหรือมีอาการรุนแรง ควรพบแพทย์เพื่อพิจารณาผ่าตัดระบายหนอง","ประมาณ 5-7 วัน ขึ้นอยู่กับความรุนแรง","ตาแสบหรือระคายเคืองเล็กน้อยจากการใช้ยา  บางรายอาจมีการติดเชื้อซ้ำหรือกุ้งยิงเรื้อรัง","หลีกเลี่ยงการใช้ยาทาที่มีส่วนผสมที่แพ้  ไม่ควรบีบหรือกดตุ่มกุ้งยิงเอง เพราะเสี่ยงติดเชื้อเพิ่ม"
"13","รับประทานยา","การใช้ยา Acyclovir เพื่อยับยั้งการเพิ่มจำนวนของไวรัสและลดอาการเจ็บปวด พร้อมดูแลรักษาความสะอาดบริเวณแผล","รับประทานยา Acyclovir ตามขนาดและระยะเวลาที่แพทย์กำหนด

ทายาเฉพาะที่บริเวณแผลถ้าจำเป็น

รักษาความสะอาดและหลีกเลี่ยงการสัมผัสแผล

หากมีอาการแทรกซ้อนหรืออาการไม่ดีขึ้น ให้รีบปรึกษาแพทย์","ประมาณ 7-10 วัน ขึ้นกับความรุนแรงของโรค","คลื่นไส้ ปวดศีรษะ  แผลหายช้าในบางราย  อาการแพ้ยาในบางราย","ไม่ควรหยุดยาก่อนครบกำหนดโดยไม่ปรึกษาแพทย์  ผู้ที่แพ้ยา Acyclovir ห้ามใช้"
"14","รับประทานยา","ใช้ยาแก้แพ้ชนิดไม่ง่วงเพื่อลดอาการแพ้ในจมูกและตา พร้อมควบคุมสภาพแวดล้อมเพื่อลดสารก่อภูมิแพ้","รับประทานยา Loratadine วันละ 1 ครั้งตามคำแนะนำ

ใช้น้ำเกลือล้างจมูกบ่อย ๆ

หลีกเลี่ยงสิ่งที่กระตุ้นอาการแพ้

หากอาการรุนแรงหรือเรื้อรัง ควรพบแพทย์เพื่อรับการรักษาเพิ่มเติม","ตามอาการ อาจใช้ได้หลายสัปดาห์ถึงหลายเดือน ","ง่วงนอนเล็กน้อย  ปากแห้ง  ปวดศีรษะบางราย","ห้ามใช้ยานี้ในผู้ที่แพ้ยา  หลีกเลี่ยงการใช้ร่วมกับยาอื่นโดยไม่ปรึกษาแพทย์"
"15","รับประทานยา","รักษาตามอาการเพื่อบรรเทาอาการปวดและไข้ ยังไม่มีการรักษาเฉพาะเจาะจงสำหรับไวรัสคางทูม","รับประทานยา Paracetamol เพื่อบรรเทาไข้และปวด

ประคบเย็นบริเวณต่อมน้ำลายที่บวม

ดื่มน้ำมาก ๆ และพักผ่อนให้เพียงพอ

แยกผู้ป่วยเพื่อป้องกันการแพร่เชื้อ","อาการมักดีขึ้นภายใน 7-10 วัน","ผลข้างเคียงจากยา Paracetamol ตามที่กล่าวข้างต้น  อาการบวมอาจใช้เวลานานกว่าจะลดลง","หลีกเลี่ยงการใช้ยาเกินขนาดหรือใช้ยาเกินระยะเวลาที่กำหนด  หลีกเลี่ยงการสัมผัสใกล้ชิดผู้อื่นจนกว่าจะหายสนิท"
"16","รับประทานยา","การรักษาเน้นที่การลดอาการอักเสบ บรรเทาอาการเจ็บคอ และฆ่าเชื้อแบคทีเรีย","ให้ผู้ป่วยพักผ่อน ดื่มน้ำมาก ๆ

กลั้วคอด้วยน้ำเกลืออุ่น

ใช้ยาแก้ปวด เช่น Paracetamol เพื่อลดไข้

หากพบการติดเชื้อแบคทีเรีย ใช้ยาปฏิชีวนะตามแพทย์สั่ง (เช่น Amoxicillin)

ในรายที่เป็นบ่อยและรุนแรง แพทย์อาจพิจารณาผ่าตัดต่อมทอนซิลออก","อาการมักดีขึ้นภายใน 7-10 วัน  หากใช้ยาปฏิชีวนะ ให้","อาการแพ้ยา  ท้องเสียจากยาปฏิชีวนะ  การดื้อยา หากไม่รับประทานยาจนครบคอร์ส","ห้ามใช้ยาปฏิชีวนะโดยไม่มีใบสั่งแพทย์  หลีกเลี่ยงการใช้ยาในผู้แพ้ยา  ห้ามหยุดยาเองกลางคัน"
"17","การรักษาโดยใช้ยาและดูแลตนเองเพื่อลดการอักเสบและบรรเทาอาการ","การรักษามีเป้าหมายเพื่อระบายของเหลวในโพรงไซนัส ลดอักเสบ และควบคุมการติดเชื้อ","ดูแลตนเอง

ดื่มน้ำมาก ๆ

สูดไอน้ำอุ่นเพื่อลดการอุดตัน

ประคบร้อนบริเวณใบหน้า

ใช้ยา

สเปรย์พ่นจมูกชนิดลดการอักเสบ เช่น corticosteroids

ยาลดบวมจมูก

ยาปฏิชีวนะ (หากติดเชื้อแบคทีเรีย) เช่น Amoxicillin/Clavulanic

ยาแก้ปวด เช่น Paracetamol หรือ Ibuprofen

ในรายเรื้อรัง

อาจต้องใช้การล้างโพรงจมูกด้วยน้ำเกลือ

พิจารณาการผ่าตัดเปิดโพรงไซนัส (Functional Endoscopic Sinus Surgery: FESS)","แบบเฉียบพลัน: 7-14 วัน  แบบเรื้อรัง: อาจใช้เวลาหลา","ท้องเสียจากยาปฏิชีวนะ  ระคายเคืองจมูกจากสเปรย์  ภาวะดื้อยา หากใช้ยาผิดวิธี","ห้ามใช้ยาพ่นจมูกเกินระยะเวลาที่แพทย์แนะนำ  หลีกเลี่ยงการใช้ยาปฏิชีวนะหากไม่จำเป็น  ห้ามผ่าตัดหากยังสามารถควบคุมอาการได้ด้วยยา"
"18","น้ำยาบ้วนปาก","การรักษามุ่งเน้นที่การกำจัดคราบพลัคและหินปูน และลดแบคทีเรียในช่องปาก","ขูดหินปูน กับทันตแพทย์

ใช้ยาบ้วนปาก Chlorhexidine เพื่อลดแบคทีเรีย

ดูแลช่องปากที่บ้าน

แปรงฟันอย่างสม่ำเสมอ

ใช้ไหมขัดฟัน

ติดตามอาการ กับทันตแพทย์เป็นระยะ

กรณีเรื้อรัง อาจพิจารณาการรักษาโรคปริทันต์ขั้นสูง","อาการมักดีขึ้นภายใน 7-14 วัน หากดูแลอย่างเหมาะสม  ","เจ็บขณะแปรงฟันหรือตอนขูดหินปูน  ระคายเคืองจากน้ำยาบ้วนปาก  สีฟันเปลี่ยนจากน้ำยาบ้วนปาก","ห้ามใช้ Chlorhexidine ติดต่อกันเกิน 2 สัปดาห์ โดยไม่อยู่ในความดูแลของแพทย์  หลีกเลี่ยงการแปรงฟันรุนแรงหรือใช้ยาสีฟันมีฤทธิ์กัดกร่อนสูง"
"19","รับประทานยา","การรักษาขึ้นอยู่กับชนิดของคอพอก ได้แก่ การใช้ยา การผ่าตัด หรือการรักษาด้วยสารกัมมันตรังสี","ตรวจวัดฮอร์โมนไทรอยด์ (TSH, FT3, FT4)

ทำอัลตราซาวด์ต่อมไทรอยด์

หากเป็นคอพอกจากไทรอยด์เป็นพิษ → ให้ยา Methimazole

หากเป็นคอพอกโตมากหรือก้อนน่าสงสัย → อาจพิจารณาผ่าตัด

คอพอกจากไอโอดีนต่ำ → ให้ไอโอดีนเสริม

ติดตามอาการทุก 3-6 เดือน","รักษาด้วยยาอาจใช้เวลาหลายเดือนถึงปี  หากผ่าตัดหรือ","ผลข้างเคียงจากยา Methimazole ดังที่กล่าว  การผ่าตัดอาจทำให้เสียงแหบ หรือภาวะแคลเซียมต่ำ  รังสีไอโอดีนอาจทำให้ไทรอยด์ทำงานต่ำในระยะยาว","หญิงตั้งครรภ์ควรหลีกเลี่ยงการใช้ Methimazole ในช่วงไตรมาสแรก  ห้ามใช้สารกัมมันตรังสีในหญิงตั้งครรภ์และให้นมบุตร"
"20","การปรับพฤติกรรม + การใช้ยา","รักษาด้วยการปรับพฤติกรรมร่วมกับการใช้ยาเพิ่มความดันโลหิตในกรณีที่อาการรุนแรงหรือไม่ตอบสนองต่อการดูแลทั่วไป","ตรวจวัดความดันโลหิตในท่าต่างๆ (นอน/นั่ง/ยืน)

ดื่มน้ำมากๆ เพิ่มปริมาณเกลือในอาหาร (ตามแพทย์แนะนำ)

หลีกเลี่ยงการยืนหรือนั่งนานๆ

ใช้ยา Midodrine หากแพทย์เห็นว่าจำเป็น

ติดตามอาการและความดันโลหิตอย่างสม่ำเสมอ","อาการเฉียบพลันอาจดีขึ้นใน 1-2 วัน  ในกรณีเรื้อรัง ","ปัสสาวะบ่อย  ปวดศีรษะ  ความดันสูงเกินในบางช่วง","ผู้ที่มีความดันโลหิตปกติหรือสูง  ห้ามใช้ยาโดยไม่ปรึกษาแพทย์ เพราะอาจเกิดภาวะความดันสูงเกินได้"
"21","การดูแลตนเอง + ใช้น้ำตาเทียม","ไม่จำเป็นต้องรักษาเป็นพิเศษ ส่วนใหญ่หายได้เองใน 1-2 สัปดาห์","พักผ่อนให้เพียงพอ

หลีกเลี่ยงการขยี้ตาหรือกระทบกระเทือนตา

หยอดน้ำตาเทียมเพื่อบรรเทาอาการแสบหรือเคือง

ตรวจความดันโลหิต หากเป็นบ่อย

พบแพทย์หากเลือดกระจายเป็นบริเวณกว้างหรือไม่ดีขึ้นใน 2 สัปดาห์","7-14 วัน โดยไม่ต้องใช้ยาเฉพาะ","โดยทั่วไปไม่มี แต่หากใช้ยาหยอดตามากเกิน อาจทำให้ระคายเคืองตาได้","ห้ามใช้ยาหยอดตาที่มีสเตียรอยด์โดยไม่ปรึกษาแพทย์  ห้ามขยี้ตาแรงๆ หรือใช้ยาที่ไม่เหมาะสม"
"22","การชดเชยน้ำและเกลือแร่ + การใช้ยา","รักษาโดยลดการถ่ายเหลว เพิ่มการดูดซึมน้ำกลับเข้าสู่ร่างกาย และทดแทนน้ำ-เกลือแร่ที่สูญเสีย","ดื่ม ORS (สารละลายน้ำตาลเกลือแร่) บ่อย ๆ

รับประทานยา Loperamide หากไม่พบอาการติดเชื้อรุนแรง

หลีกเลี่ยงอาหารรสจัด อาหารมัน หรือย่อยยาก

รับประทานอาหารอ่อน ย่อยง่าย เช่น โจ๊ก กล้วย

หากมีอาการรุนแรงหรือถ่ายเป็นเลือด ควรพบแพทย์","1–3 วันสำหรับอาการเบา 5–7 วันสำหรับอาการติดเชื้อที","ท้องผูก  แน่นท้อง  ปากแห้งจากการขาดน้ำ หากไม่ดื่มน้ำเพียงพอ","ห้ามใช้ยา Loperamide หากสงสัยว่ามีเชื้อโรค เช่น ถ่ายเป็นมูกเลือด  ห้ามดื่มน้ำเย็นจัด หรือของหมักดองในช่วงฟื้นตัว"
"23","รับประทานยา","รักษาที่ต้นเหตุโดยใช้ยาปฏิชีวนะฆ่าเชื้อ ควบคู่กับการให้เกลือแร่ทดแทนของเหลวในร่างกาย และการรับประทานอาหารอ่อน","ดื่ม ORS ทุกครั้งหลังถ่าย

รับประทานยา Metronidazole ตามแพทย์สั่ง

พักผ่อนให้เพียงพอ

รับประทานอาหารอ่อน ย่อยง่าย งดอาหารรสจัด

หลีกเลี่ยงการใช้ยาหยุดถ่ายในช่วงแรก เพื่อขับเชื้อออก","5–7 วัน หากรักษาด้วยยาปฏิชีวนะอย่างถูกต้อง","คลื่นไส้ มึนหัว  ปากแห้ง  อ่อนเพลีย  ปัสสาวะเปลี่ยนสี","ห้ามดื่มแอลกอฮอล์ร่วมกับการใช้ Metronidazole  ห้ามหยุดยาก่อนกำหนดแม้อาการจะดีขึ้น  ผู้มีโรคตับหรือโรคไตควรปรึกษาแพทย์ก่อนใช้"
"24","ประเมินสาเหตุ + แก้ไขตามสาเหตุ","รักษาตามสาเหตุ เช่น ถ้าเกิดจากความเครียดให้ปรับพฤติกรรม ถ้าเกิดจากหัวใจเต้นผิดจังหวะอาจให้ยาควบคุมจังหวะหัวใจ หรือส่งต่อแพทย์เฉพาะทางหัวใจ","ซักประวัติและตรวจร่างกาย

ตรวจคลื่นไฟฟ้าหัวใจ (EKG)

หากจำเป็นอาจทำ Echo หรือใส่ Holter Monitor

ให้ยา Propranolol หากหัวใจเต้นเร็ว

ปรับพฤติกรรม เช่น ลดคาเฟอีน นอนพักให้พอ

ติดตามอาการ","หากเกิดจากความเครียดหรือชั่วคราว อาการจะดีขึ้นภายใ","ความดันต่ำ  หัวใจเต้นช้า  เหนื่อยง่าย","ผู้ที่แพ้ยากลุ่ม Beta-blocker  ผู้ที่มีภาวะหัวใจล้มเหลวหรือความดันต่ำรุนแรง  ผู้ป่วยโรคหอบหืดขั้นรุนแรง"
"25","รับประทานยา","รักษาโดยการให้ยาฆ่าพยาธิ เพื่อทำให้พยาธิตายและถูกขับออกจากลำไส้","วินิจฉัยจากประวัติการกินอาหารและตรวจอุจจาระ

สั่งยาฆ่าพยาธิ เช่น Niclosamide หรือ Praziquantel

ให้คำแนะนำเรื่องการรักษาความสะอาด

ติดตามผลโดยการตรวจอุจจาระอีกครั้งหลังรักษา","ยาฆ่าพยาธิมักใช้ ครั้งเดียว หรือในบางรายอาจต้องกิน","อาการจากการตายของพยาธิอาจทำให้ท้องเสีย  คลื่นไส้หรืออาเจียนเล็กน้อย","หญิงตั้งครรภ์ในไตรมาสแรก  เด็กเล็กอายุต่ำกว่า 2 ปีควรได้รับการดูแลพิเศษจากแพทย์"
"26","รับประทานยา","ให้ยาฆ่าพยาธิเพื่อกำจัดพยาธิและไข่ในลำไส้ พร้อมรักษาความสะอาดเพื่อป้องกันการติดเชื้อซ้ำ","รับประทานยา Mebendazole ครั้งแรก 1 เม็ด (100 mg)

รับประทานซ้ำอีกครั้งหลัง 2 สัปดาห์ เพื่อกำจัดไข่พยาธิที่อาจฟักออกมาใหม่

รักษาความสะอาดมือและของใช้ส่วนตัว

ซักผ้าปูที่นอนและชุดชั้นในในน้ำร้อน","ทานยาสองครั้ง ห่างกัน 2 สัปดาห์  การรักษาจะเห็นผลภ","คลื่นไส้  ปวดท้อง  อาการแพ้ยาในบางราย","หญิงตั้งครรภ์ควรปรึกษาแพทย์ก่อนใช้ยา  เด็กเล็กควรใช้ยาภายใต้การดูแลของแพทย์"
"27","การใช้ยาปฏิชีวนะฆ่าเชื้อแบคทีเรีย","ใช้ยาปฏิชีวนะกำจัดเชื้อแบคทีเรีย ร่วมกับการดูแลสุขอนามัยที่ดีเพื่อป้องกันการติดเชื้อซ้ำ","รับประทาน Nitrofurantoin ตามแพทย์สั่ง โดยปกติ 100 mg วันละ 2-4 ครั้ง

ดื่มน้ำมาก ๆ เพื่อช่วยล้างทางเดินปัสสาวะ

หลีกเลี่ยงการกลั้นปัสสาวะ

รักษาความสะอาดบริเวณอวัยวะเพศ

หากอาการไม่ดีขึ้นหรือมีไข้สูง ควรไปพบแพทย์","ปกติ 5-7 วัน ขึ้นกับความรุนแรงของโรค","คลื่นไส้  ปวดศีรษะ  ปวดท้อง  อาการแพ้ยาในบางราย","หญิงตั้งครรภ์ควรปรึกษาแพทย์ก่อนใช้ยา  ผู้ที่มีโรคไตควรได้รับคำแนะนำจากแพทย์"
"28","รับประทานยา","ใช้ยาปฏิชีวนะรักษาโรคติดเชื้อแบคทีเรียในโรคติดต่อทางเพศสัมพันธ์ พร้อมดูแลอาการและป้องกันการแพร่เชื้อ","รับประทาน Azithromycin ครั้งเดียว 1,000 mg หรือ 500 mg ตามคำแนะนำแพทย์

หลีกเลี่ยงการมีเพศสัมพันธ์จนกว่าจะรักษาหาย

ให้คู่รักตรวจและรักษาพร้อมกันเพื่อลดการติดซ้ำ

ปฏิบัติตามคำแนะนำของแพทย์อย่างเคร่งครัด","ปกติ 1-7 วัน ขึ้นกับชนิดของโรคและการรักษา","คลื่นไส้  ปวดท้อง  ผื่นแพ้  ในบางรายอาจมีอาการรุนแรงของแพ้ยา","ไม่ควรใช้ยาเองโดยไม่ได้รับคำแนะนำจากแพทย์  หลีกเลี่ยงการมีเพศสัมพันธ์ก่อนรักษาหายขาด"
"29","รับประทานยา","รักษาด้วยยาเพื่อลดกรดยูริก ลดการอักเสบ และบรรเทาอาการปวด","ใช้ยาแก้ปวดและลดการอักเสบ เช่น NSAIDs หรือคอร์ติโคสเตียรอยด์

รับประทาน Allopurinol เพื่อควบคุมระดับกรดยูริกตามแพทย์สั่ง

ปรับพฤติกรรม เช่น ควบคุมอาหาร ดื่มน้ำมาก ๆ

ตรวจติดตามระดับกรดยูริกในเลือดอย่างสม่ำเสมอ","รักษาต่อเนื่องเป็นระยะเวลานานเพื่อป้องกันการกำเริบ","ปวดท้อง  ผื่นแพ้  ปัญหาไตหรือตับในบางราย","หลีกเลี่ยงการใช้ยาตามคำแนะนำแพทย์เท่านั้น  ไม่ควรหยุดยากะทันหันหากไม่ได้รับคำแนะนำจากแพทย์"
"30","ทาครีมรักษา","รักษาโดยการลดอาการอักเสบและบรรเทาอาการเจ็บปวด พร้อมปรับพฤติกรรมเพื่อป้องกันการกำเริบ","ใช้ยาทาเพื่อลดการอักเสบและบรรเทาอาการคัน

ประคบด้วยน้ำอุ่นเพื่อบรรเทาอาการเจ็บ

ปรับพฤติกรรมการกินและการขับถ่าย

กรณีรุนแรงอาจต้องรักษาด้วยวิธีทางการแพทย์ เช่น การผ่าตัด","อาการดีขึ้นใน 1-2 สัปดาห์ แต่บางรายต้องรักษานานกว่","ผิวหนังบางลงเมื่อใช้ยาเป็นเวลานาน  อาการระคายเคืองบริเวณที่ใช้ยา","หลีกเลี่ยงการใช้ยาทานานเกินคำแนะนำ  ไม่ควรใช้ในกรณีติดเชื้อโดยไม่ได้รับคำแนะนำแพทย์"
"31","รับประทานยา","รักษาตามสาเหตุหลัก เช่น การใช้ยาฆ่าเชื้อ การปรับอาหาร และการดูแลอาการ","รักษาความสะอาดและพักผ่อนให้เพียงพอ

ใช้ยา Metronidazole หรือยาตามแพทย์สั่ง

ดื่มน้ำมาก ๆ เพื่อป้องกันภาวะขาดน้ำ

หลีกเลี่ยงอาหารที่ย่อยยากหรือกระตุ้นลำไส้

พบแพทย์ติดตามอาการ หากเลือดออกมากหรือมีไข้สูง","ประมาณ 7-14 วัน ขึ้นอยู่กับสาเหตุและความรุนแรง","คลื่นไส้ ปวดศีรษะ รสชาติเปลี่ยนในปาก  หากมีอาการแพ้ยา ต้องหยุดยาและพบแพทย์","หลีกเลี่ยงใช้ยาเองโดยไม่ได้รับคำแนะนำจากแพทย์  ไม่ควรใช้ยาปฏิชีวนะหากไม่ได้รับการวินิจฉัยที่แน่นอน"
"32","การปฐมพยาบาล","การปฐมพยาบาลเบื้องต้นมุ่งเน้นการควบคุมเลือดออก ป้องกันการติดเชื้อ และลดความเจ็บปวด พร้อมทั้งดูแลไม่ให้เกิดภาวะแทรกซ้อน เช่น ช็อกหรือบาดเจ็บทางระบบประสาท","ประเมินสติและการหายใจของผู้บาดเจ็บ

หยุดเลือดโดยการกดแผลด้วยผ้าสะอาด

ทำความสะอาดแผลด้วยน้ำสะอาด หลีกเลี่ยงการใช้น้ำยาฆ่าเชื้อแรงๆ ที่ทำให้แผลระคายเคือง

ป้องกันการช็อกโดยให้ผู้บาดเจ็บนอนราบและยกขาสูง (ถ้าไม่มีบาดเจ็บกระดูกสันหลัง)

ประคบเย็นเพื่อลดอาการบวมและปวด

ใช้ยาแก้ปวด เช่น Paracetamol ตามคำแนะนำ

หากสงสัยบาดเจ็บกระดูกหรือศีรษะ หลีกเลี่ยงการเคลื่อนย้ายและรีบเรียกหน่วยกู้ภัย

หากจำเป็นต้องเคลื่อนย้าย ให้ใช้วิธีล็อกศีรษะและลำตัวอย่างถูกต้อง

","ขึ้นอยู่กับความรุนแรงของอาการ บาดแผลเล็กน้อยอาจหาย","อาการบวม ฟกช้ำ อาจกินเวลานาน  อาการปวดหรือเจ็บในบางจุดอาจคงอยู่ชั่วคราว  ความเสี่ยงติดเชื้อในแผลถ้าไม่ดูแลแผลอย่างถูกวิธี","หลีกเลี่ยงการเคลื่อนย้ายผู้บาดเจ็บที่สงสัยว่ามีอาการกระดูกสันหลังหักโดยไม่ชำนาญ  ห้ามใช้ยาที่ไม่ได้รับคำแนะนำจากแพทย์  ห้ามบีบหรือกดแผลแรง ๆ ที่อาจทำให้แผลแย่ลง"
"33","การปฐมพยาบาล","การรักษาขึ้นอยู่กับอาการบาดเจ็บ โดยเริ่มจากการประเมินอาการ ปฐมพยาบาลเบื้องต้น และส่งโรงพยาบาลหากรุนแรง","ห้ามเคลื่อนย้ายผู้ป่วยหากสงสัยกระดูกหักหรือกระดูกสันหลัง

ตรวจชีพจร และระดับการรู้สึกตัว

ห้ามเลือด หากมีเลือดออก

ประคบเย็นหากบวม

ให้ยาบรรเทาปวดหากไม่มีข้อห้าม

รีบนำส่งโรงพยาบาล","ขึ้นอยู่กับความรุนแรงของการบาดเจ็บ  แผลเล็กน้อยอาจ","ปวดเรื้อรังจากการบาดเจ็บ  ข้อติด ยึด หรือการเคลื่อนไหวจำกัด  ภาวะซึมเศร้าหลังอุบัติเหตุ","ห้ามเคลื่อนย้ายผู้บาดเจ็บหากสงสัยกระดูกคอหรือกระดูกสันหลังหัก  ห้ามให้ผู้ป่วยดื่มน้ำหากหมดสติหรือมีอาการทางสมอง"
"34","การปฐมพยาบาล","การรักษาขึ้นอยู่กับความรุนแรงของการบาดเจ็บ โดยเริ่มจากการปฐมพยาบาลเบื้องต้น (หลัก R.I.C.E) และรักษาเพิ่มเติมตามอาการ เช่น กายภาพบำบัด หรือผ่าตัดในรายที่รุนแรง","พักการใช้งาน (Rest)

ประคบเย็นเพื่อลดบวม (Ice)

พันผ้ายืดเพื่อพยุง (Compression)

ยกสูงเพื่อช่วยลดบวม (Elevation)

รับประทานยาบรรเทาอาการปวด/อักเสบ

หากอาการไม่ดีขึ้น ควรพบแพทย์","อาการเล็กน้อย: 3–7 วัน  อาการรุนแรง: หลายสัปดาห์ถึ","ปวดเรื้อรัง  กล้ามเนื้ออ่อนแรง  ข้อติดหรือตึง  เสี่ยงต่อการบาดเจ็บซ้ำหากไม่ฟื้นตัวเต็มที่","ห้ามใช้ความร้อนใน 48 ชั่วโมงแรก  ห้ามเคลื่อนไหวอวัยวะที่บาดเจ็บรุนแรง  ห้ามนวดหรือกดจุดหากสงสัยกล้ามเนื้อฉีก"
"35","การปฐมพยาบาล","การนำก้างปลาออกโดยวิธีที่ปลอดภัย หากมองเห็นได้อาจใช้คีมพิเศษดึงออก หากไม่เห็น อาจต้องใช้กล้องตรวจภายในโดยแพทย์ หรือเอกซเรย์เพื่อระบุตำแหน่ง","ตรวจบริเวณลำคอโดยใช้ไฟฉายหรือเครื่องมือแพทย์

หากเห็นก้าง: ใช้คีมปลอดเชื้อคีบออกอย่างระมัดระวัง

หากไม่เห็นก้าง: ส่งต่อให้ ENT ใช้กล้องตรวจหรือเอกซเรย์

อาจให้ยาแก้แพ้หรือยาแก้อักเสบหากมีอาการบวม

แนะนำงดของแข็ง/เผ็ด/ร้อน จนกว่าอาการจะหายดี","หากเอาก้างออกสำเร็จ อาการดีขึ้นภายใน 1–2 วัน หากมี","เจ็บคอจากบาดแผล  อักเสบติดเชื้อหากมีแผล  ความเครียดหรือกลัวการกลืนอาหารในอนาคต","ห้ามพยายามกลืนข้าวเหนียวหรือกล้วยเพื่อดันก้างออก  ห้ามใช้มือหรือของแข็งแคะออกเอง อาจทำให้แผลลึกหรือก้างจมลง"
"36","การปฐมพยาบาล","รักษาด้วยการทำความสะอาดแผล ห้ามเลือด และป้องกันการติดเชื้อ รวมถึงการเย็บแผลหากจำเป็น","ห้ามเลือดด้วยผ้ากดแผล

ล้างแผลด้วยน้ำเกลือหรือสบู่อ่อน

ใส่ยาฆ่าเชื้อและปิดแผลด้วยผ้าก๊อซปลอดเชื้อ

หากแผลลึกหรือขอบแผลแยก อาจต้องเย็บแผล

ให้ยาปฏิชีวนะหากเสี่ยงติดเชื้อ

พิจารณาฉีดวัคซีนบาดทะยัก หากยังไม่เคยฉีดหรือฉีดนานแล้ว

","แผลตื้น: 3–5 วัน  แผลลึกหรือเย็บ: 7–14 วัน  แผลติด","แผลเป็น  ติดเชื้อบวมแดง หนอง  การอักเสบของเนื้อเยื่อรอบแผล","ห้ามใช้แอลกอฮอล์แรงๆ ล้างแผลสด  ห้ามใช้ผ้าสกปรกหรือของมีคมแคะแผล  ห้ามปล่อยให้แผลลึกหรือใหญ่โดยไม่พบแพทย์"
"37","การรักษาตามอาการและป้องกันการติดเชื้อซ้ำ","อีสุกอีใสเป็นโรคติดเชื้อไวรัสที่เกิดจากไวรัส Varicella-Zoster การรักษามุ่งเน้นบรรเทาอาการ คัน และป้องกันการติดเชื้อแบคทีเรียซ้ำ โดยใช้ยาตามอาการและยาต้านไวรัสในบางกรณี","	1. แยกผู้ป่วยเพื่อป้องกันการแพร่เชื้อ
2. รักษาอาการไข้ด้วยพาราเซตามอล
3. ใช้ยาทาผิวเพื่อบรรเทาอาการคัน เช่น โลชั่นคาลาไมน์
4. หลีกเลี่ยงการเกาหรือบีบตุ่มน้ำ
5. ในกรณีที่มีความเสี่ยงหรือติดเชื้อรุนแรง ใช้ยาต้านไวรัส เช่น Aciclovir
6. ดูแลความสะอาดผิวและล้างมือบ่อย ๆ
7. ติดตามอาการและพบแพทย์ถ้าอาการแย่ลง","โดยทั่วไป 7–10 วัน จนตุ่มน้ำแห้งและตกสะเก็ด","อาการคันและระคายเคืองผิวหนัง ผลข้างเคียงจากยาต้านไวรัส เช่น คลื่นไส้ ปวดหัว","ห้ามใช้แอสไพรินในเด็กที่มีอีสุกอีใส (เสี่ยงโรคเรย์)  หลีกเลี่ยงยาที่ทำให้ภูมิคุ้มกันลดลงโดยไม่จำเป็น"
"38","การหลีกเลี่ยงสารก่อภูมิแพ้และใช้ยาเพื่อลดอาการคัดจมูกและอาการแพ้","คัดจมูกแพ้อากาศเกิดจากการแพ้สารก่อภูมิแพ้ในอากาศ การรักษาจะเน้นลดอาการโดยการใช้ยาต้านฮิสตามีน ยาพ่นจมูกสเตียรอยด์ และปรับพฤติกรรมหลีกเลี่ยงสารก่อภูมิแพ้","1. หลีกเลี่ยงสารก่อภูมิแพ้ เช่น ฝุ่น ควัน ละอองเกสรดอกไม้
2. ใช้ยาต้านฮิสตามีนชนิดเม็ดหรือน้ำเชื่อม
3. ใช้ยาพ่นจมูกสเตียรอยด์ตามคำแนะนำแพทย์
4. ล้างจมูกด้วยน้ำเกลือล้างจมูกเพื่อช่วยลดอาการ
5. พบแพทย์หากอาการไม่ดีขึ้นหรือลุกลาม","หลายสัปดาห์ถึงหลายเดือน ขึ้นกับความรุนแรงของอาการแ","แสบจมูก แสบคอ ปากแห้ง อาการง่วงนอนจากยาต้านฮิสตามีนบางชนิด","หลีกเลี่ยงการใช้ยาพ่นจมูกสเตียรอยด์เกินขนาดและใช้ยาต้านฮิสตามีนโดยไม่ปรึกษาแพทย์"
"39","การรักษาตามอาการและการดูแลประคับประคอง","คางทูมเกิดจากการติดเชื้อไวรัส mumps virus ซึ่งไม่มีการรักษาโดยตรงด้วยยาต้านไวรัส การรักษาจึงมุ่งเน้นบรรเทาอาการ เช่น ลดไข้ ปวด และดูแลให้ผู้ป่วยพักผ่อนอย่างเพียงพอ","1. รับประทานยาลดไข้และยาแก้ปวด เช่น พาราเซตามอลหรือไอบูโพรเฟน
2. ประคบอุ่นบริเวณที่บวมเพื่อบรรเทาอาการเจ็บ
3. รับประทานอาหารอ่อน หลีกเลี่ยงอาหารที่เคี้ยวยาก
4. พักผ่อนให้เพียงพอ
5. หลีกเลี่ยงการสัมผัสกับผู้อื่นเพื่อลดการแพร่เชื้อ
6. พบแพทย์หากมีอาการรุนแรง เช่น ปวดศีรษะรุนแรง หรือบวมต่อมน้ำเหลืองบริเวณอื่น","ประมาณ 7–10 วัน","ไม่มีผลข้างเคียงจากการรักษาโดยตรง แต่ยาแก้ปวดอาจมีผลข้างเคียงเล็กน้อยตามชนิดยา","หลีกเลี่ยงการใช้ยาโดยไม่ปรึกษาแพทย์ และห้ามใช้ยาต้านไวรัสโดยไม่ได้รับคำแนะนำ"
